x1,x2,d
0.666032819,-4.904058876,1
-3.454193221,-3.070976009,1
0.472625674,-2.046474746,1
0.931915884,-0.873702843,1
-2.961953769,-1.905961362,1
-0.548268365,-1.063526349,1
-0.01910023,1.488212136,1
-0.748493478,-2.82516597,1
-0.927040142,-0.96034616,1
-1.278352831,1.239377805,1
0.929000063,3.319197962,1
-0.642129559,-1.382460569,1
-1.958690453,-2.710500457,1
-0.426481954,-2.240051432,1
-0.291493865,0.71781939,1
1.454812433,-1.767698267,1
-0.398233115,3.095513616,1
-0.715254647,-0.825023797,1
2.364926067,0.837206128,1
-0.47029795,-0.578701447,1
0.548295378,-1.275019721,1
1.450965936,-3.457959311,1
4.787427185,-1.636242903,1
2.02409958,0.532745028,1
2.026976561,-2.636766682,1
2.904049729,2.648646142,1
1.127865618,-2.048335184,1
1.175681313,-0.416634668,1
-4.548448226,-3.887953601,1
1.429225884,-1.497370058,1
3.74786579,0.469958196,1
-0.072609946,-1.30790192,1
-3.737577005,-2.635881187,1
0.023281669,1.311318618,1
-4.673950464,2.354043084,1
-3.693712403,1.241954899,1
-3.059449631,0.892205895,1
-1.198673792,0.449185204,1
0.874843253,-3.401413295,1
0.635021639,1.635036959,1
0.802335862,-1.076269563,1
2.241368865,0.466770319,1
2.960124918,1.448180908,1
2.116070681,-2.248812653,1
-1.467889374,3.124467875,1
2.89805407,5.5112676,1
0.105051429,-3.6870826,1
2.225683563,-2.409931113,1
-2.145251648,0.473201483,1
3.082043289,0.841084039,1
-2.217377758,0.145710557,1
-2.527106787,-0.34111927,1
-0.394348839,-1.902527074,1
2.053795911,2.866722192,1
-2.210437596,-3.083507084,1
-6.019422396,1.05522607,1
2.911121003,-0.149548563,1
1.00171741,-1.058877142,1
2.95748419,-0.089030036,1
4.929609328,5.798665782,1
-3.08700005,-0.014942561,1
1.8332568,-1.168328776,1
1.554102021,-2.257194621,1
-2.295219376,-3.175793758,1
5.152722886,4.064202302,1
0.549486203,2.598268391,1
-1.507411177,1.088493624,1
1.92956334,0.593001419,1
1.47725561,-3.126880627,1
1.107119396,-0.469227447,1
1.169809104,5.349122826,1
1.12225745,2.972073826,1
3.695760919,-4.284001129,1
-2.86799203,2.150726983,1
1.59623592,2.244037318,1
5.318834944,-2.592841764,1
0.616906993,0.292028178,1
2.46347954,2.204935779,1
2.482298853,0.146631445,1
3.167513679,-3.980575119,1
0.073675932,2.702647074,1
2.135979088,-6.534900533,1
-1.155843803,-4.521203681,1
0.208211783,0.393081393,1
3.400271088,-4.632875171,1
-0.358255142,0.731838894,1
-2.429910344,-1.512193832,1
-0.839349892,-0.17054246,1
4.899049918,1.92370642,1
4.092106196,-1.281466154,1
0.32033672,0.480710462,1
-4.445668456,-0.237272786,1
4.396997456,3.537797563,1
2.527695167,-0.801701695,1
1.50970328,5.404368148,1
1.351982992,2.954450168,1
-2.49248304,-3.798545399,1
-1.306386371,-1.663391478,1
2.707112241,-0.621358229,1
0.883817527,-3.856650894,1
1.571250757,0.180001177,1
0.458053629,-5.064905823,1
1.466020093,-1.992910705,1
-2.104705864,0.004794501,1
2.527990446,3.172232653,1
-1.74843628,4.060214441,1
2.603335422,-1.492444019,1
-0.329976086,0.953091806,1
-1.308528609,2.733866461,1
-0.127279385,-2.273864415,1
1.730114088,-2.120050038,1
1.312137813,3.858878985,1
-1.910951698,-6.622207289,1
1.476345089,2.636137107,1
-4.633136152,-1.00382869,1
-0.62719428,-3.703912211,1
-4.288871994,1.547425108,1
-2.238373152,-2.158984283,1
-2.097794818,-3.027534477,1
0.353286314,2.119462571,1
0.283990282,0.758503767,1
-2.508356181,4.153340031,1
1.203598348,-1.150201697,1
1.644479308,-0.298427916,1
-1.954805134,-1.143031683,1
2.927095362,-1.381471683,1
4.496548641,-0.052273956,1
0.330635541,1.270237515,1
-1.23497216,0.936600435,1
0.690761861,-2.305349807,1
0.959095153,0.613629766,1
2.121186201,-0.166018371,1
2.584743478,-3.321038625,1
3.443892315,0.508704368,1
-0.712486017,0.242874429,1
0.183842947,1.14363089,1
-1.588106802,-5.177558175,1
-3.246548146,0.355024959,1
3.490747445,-0.104106807,1
-2.052803118,0.329994218,1
1.439202772,-2.330623848,1
-3.314932467,0.833980053,1
-0.60251329,1.205320883,1
2.796439907,1.570387507,1
1.368742499,0.425510379,1
2.119281292,-0.384772983,1
-4.000634557,0.749359378,1
3.004697042,-1.077590106,1
-4.853791311,2.893551804,1
-1.741774795,0.822398349,1
6.247723471,-1.110251917,1
0.809823625,1.658427177,1
0.606602929,5.799316396,1
-0.145667938,-3.664917926,1
-0.007988463,-0.04276183,1
2.760431849,0.794759292,1
0.330322429,-1.851343326,1
1.031239268,-0.179487063,1
-4.355635175,-0.514707386,1
-1.1615698,-0.272846817,1
5.254826323,-3.324360901,1
3.581609842,0.915043617,1
2.218345174,-0.26554513,1
1.062087227,0.800207281,1
3.161320299,2.823073042,1
-1.457222474,2.269769443,1
2.045523576,-0.066535364,1
-1.227015471,-1.505368375,1
-0.744526371,0.311080464,1
-0.944385947,0.396083838,1
-5.05412753,-0.893625057,1
1.267660875,4.541765349,1
-1.151601715,1.401864721,1
0.229281576,1.005279184,1
1.719987825,-0.808541456,1
-0.386136065,3.852558994,1
-1.876400967,1.735591915,1
0.750369123,-4.142604418,1
-0.931896567,2.108150129,1
2.715243323,0.552487814,1
-0.45686388,-3.355124803,1
0.42496972,-2.907751154,1
-0.475767808,0.732524957,1
-0.918381083,1.903268761,1
-0.388674761,0.4200028,1
-4.4904115,-4.555012473,1
-1.587720583,6.381486361,1
-1.883241967,-3.51571432,1
-3.730895601,0.968066101,1
0.452469702,0.761259376,1
1.182838405,3.370200922,1
-0.098446596,0.398769412,1
-0.888939043,-0.342483506,1
-5.521303486,-0.667365605,1
5.492151939,-0.320589283,1
-2.410989141,0.913872131,1
-0.107083567,-4.840003236,1
3.128655237,2.19383132,1
-0.216403156,2.102637398,1
-2.951405849,-2.192748793,1
-3.49364942,-1.393688012,1
0.655801412,3.188786841,1
-0.009613335,2.048305961,1
0.435721809,3.383237285,1
-0.488229983,0.487752236,1
-1.440316589,-0.275365603,1
-0.182074429,-0.092036714,1
5.350209028,-1.939897514,1
1.30824426,-1.543135232,1
0.498554635,-1.247213853,1
1.085355255,-2.311765007,1
0.153637619,-0.183799654,1
-0.32615655,-2.127199774,1
-2.323045826,-1.373162213,1
-1.173776435,0.312082607,1
0.821227044,0.053637631,1
-0.334265259,-0.792315408,1
1.013667321,-1.167409547,1
2.889600075,0.110444551,1
-2.678112721,-2.842879465,1
-3.709688601,2.46269941,1
-1.096980009,5.713862821,1
3.476409758,-0.062763148,1
2.490135394,-1.572808961,1
2.862602334,-2.283839447,1
-3.058532047,1.200753268,1
4.051692692,0.786449471,1
-1.095160467,2.419544487,1
0.570499988,1.19029708,1
-7.356759404,-2.790427097,1
0.058930979,1.86051336,1
-1.733354445,-1.383839823,1
2.072390081,1.060447786,1
0.737354153,2.992176854,1
3.935857241,3.135324948,1
3.84591822,-0.364496716,1
-1.213401282,1.529169815,1
0.848969027,0.009460327,1
-6.601645725,-0.090234315,1
1.427621569,-0.324433648,1
-1.676928141,2.190018506,1
1.872414997,0.005568043,1
1.589078858,-1.056547668,1
0.284822804,-1.388737318,1
-0.460349137,-3.555524199,1
-6.164047928,3.37325245,1
-5.020689946,-1.101072892,1
-2.121925399,3.32886514,1
-0.815466041,1.755755367,1
-4.155842542,1.103222386,1
0.472035581,1.823834635,1
4.594746563,-1.522991939,1
-0.431385403,1.191508858,1
1.576409856,-1.324901586,1
-3.65437327,0.913074962,1
-0.57933953,0.160669027,1
1.627607397,3.046481637,1
4.141219104,-1.229637785,1
-1.475739849,1.997169257,1
2.528360179,-0.439355858,1
-2.636149691,-5.664171541,1
-0.03421293,2.042091662,1
1.558921997,-0.003280775,1
1.723619686,2.74218426,1
-1.433818491,-0.051248463,1
3.887598914,-1.577825618,1
0.325899123,-2.89650043,1
0.961421056,0.023243651,1
3.41582047,0.369797622,1
-1.802262626,-1.03062794,1
0.470097893,0.673191991,1
3.90757325,0.13150758,1
-1.345592873,1.052157612,1
1.185460418,0.63391719,1
-1.01255461,-2.085455733,1
1.786744393,3.891344774,1
-4.820797031,-0.766407895,1
-1.197555999,-2.334484935,1
3.763443599,-0.495914575,1
-2.110761039,-1.307100904,1
-2.733238648,-3.824117231,1
0.10815607,0.606709501,1
-1.390883393,-3.120070116,1
-2.33742647,-1.202848065,1
0.03616182,3.111878607,1
1.692499398,-3.311999566,1
-2.473773502,0.726988598,1
-2.470349343,-0.36542882,1
0.179405359,-1.799185066,1
-2.708319804,0.533506226,1
0.140104459,0.259900822,1
-0.169678427,5.360499122,1
-4.301842944,0.001620615,1
-1.209127932,-0.746326286,1
-2.783384499,1.683126829,1
4.150848647,-1.883115572,1
-3.135370916,0.421175351,1
2.54819406,-0.943001998,1
-1.261799888,0.095191116,1
1.556173554,1.941237814,1
-6.438469234,3.084110571,1
-0.512912447,-1.757777263,1
-2.678850046,-1.15285433,1
2.861759443,3.24543005,1
4.535388575,-6.247747556,1
4.963883808,0.504217363,1
-0.273399313,0.606096923,1
-3.495312192,-1.06928676,1
-0.996488583,1.366292759,1
-2.177500773,0.519268419,1
0.317626636,-0.564859227,1
-1.688760872,0.574312315,1
2.108802854,-3.515131836,1
-0.453595065,-1.244461281,1
-1.628870846,0.694562987,1
-0.56449295,-1.136918726,1
0.411067837,0.336452686,1
0.8083615,2.354843082,1
-5.527352886,0.721672179,1
0.790474942,0.953741962,1
3.36016172,0.0889063,1
2.861415614,-0.879898834,1
-2.743153211,-2.27267135,1
0.677242725,-3.809092984,1
-1.233968604,0.63599918,1
2.444074745,-3.14810367,1
-1.607998752,2.066230439,1
-1.50131619,1.924470624,1
2.41078051,-3.249295202,1
-1.394414138,0.108848351,1
-3.55597062,-1.131183656,1
0.597012685,0.052315196,1
-2.618921639,-1.014637537,1
-1.052179757,-1.483819451,1
-2.108461504,-4.284007175,1
0.285315765,-0.719738032,1
-3.969764068,-3.43500888,1
1.985707093,-1.63718489,1
1.884551777,3.52509404,1
2.5907137,1.167608448,1
-3.20990129,-3.280264049,1
-0.339589531,-0.134971574,1
-2.468093364,-0.398787423,1
-1.394093927,-1.863572585,1
1.783941526,-4.00422256,1
0.132972299,1.487076437,1
1.817410338,0.921289756,1
-1.517706015,1.687291332,1
-0.782285846,0.408067597,1
-0.986601072,-4.667916471,1
3.426170172,1.804465304,1
-0.817965019,-0.225368648,1
1.134294521,4.845413443,1
-3.98217066,-2.345294301,1
0.339526891,0.947535321,1
-1.042042385,2.000863774,1
3.471438925,-2.392428455,1
-0.729018513,4.203995401,1
-2.126248568,-3.848860768,1
-0.184143867,-1.689021053,1
-2.809667533,3.088880499,1
1.999985047,-4.739567747,1
-0.329223655,-3.064023448,1
-2.984554992,-0.410764236,1
1.54218894,-3.120846615,1
-2.866359885,-0.891042312,1
3.52561776,-0.99395906,1
1.90265966,-1.73456332,1
-2.622151373,-4.88205597,1
-0.469431268,-0.823260583,1
4.117220707,1.075286424,1
-0.029556215,-0.335674301,1
-2.433672057,-1.0804253,1
2.081844925,-3.730225858,1
2.241391328,1.809657232,1
0.166847065,4.979904072,1
0.824190925,1.552900527,1
3.341617957,1.655713607,1
-1.632443732,0.856469884,1
0.481614136,-0.819992811,1
1.087684976,0.820834862,1
2.681102703,0.205463681,1
1.529445877,1.594538799,1
-0.749466806,-4.104433409,1
-1.385845735,-2.186229186,1
-0.022566072,-2.644116977,1
-2.740889571,-0.414593413,1
1.58525357,0.288165803,1
-0.092701857,1.61899926,1
1.94169761,-0.064803249,1
1.691673108,-1.334349496,1
-3.719843474,0.266296453,1
-1.151202954,-0.088936556,1
1.426165483,3.126150292,1
0.789594081,-0.524220844,1
-0.75378286,-3.143638656,1
-3.375565905,0.836805235,1
2.520526905,1.712149397,1
-1.608727834,4.768883811,1
-3.594213528,2.099412597,1
-2.591253,-2.335651812,1
-0.056235293,-1.632984169,1
1.669339853,-2.168254958,1
-0.652549183,-0.292953942,1
-1.917953035,4.622385257,1
5.414224211,-2.541916257,1
4.59647455,-2.12447467,1
-2.739357153,-0.474072338,1
-0.860919287,1.035128943,1
-2.157450746,-1.981668352,1
-3.997974631,1.929848642,1
-1.64878217,2.959375661,1
-1.862035956,-1.472620283,1
2.553636656,-2.430362098,1
0.54735046,1.121481474,1
-3.456185355,-0.976706083,1
-3.796844531,-1.10217632,1
-0.640182622,4.752561441,1
-0.546409208,-0.067512483,1
-1.273473229,4.642637148,1
1.465294706,0.146978446,1
4.97700877,-1.497739977,1
-0.769959287,-2.603372937,1
-1.104523515,2.938919837,1
3.534713913,-2.346330982,1
-1.564712301,0.037777509,1
0.926212349,3.09765727,1
0.107037524,-0.93209429,1
1.3675219,-2.05512666,1
0.259617107,-1.69267217,1
-1.156347156,-0.518494914,1
1.297795303,-0.761287504,1
1.556935296,-1.309412634,1
4.611852844,0.214018132,1
-0.859561401,2.934686067,1
2.436649869,3.049902344,1
-6.809211559,-0.58908866,1
4.277110547,-3.152422966,1
2.752616218,3.636152321,1
-0.475009317,-0.061419458,1
0.003361801,1.291778151,1
3.37064772,1.237561281,1
0.374452291,0.107112374,1
-0.436225532,2.108771918,1
-5.56626889,-0.341311266,1
-0.795069529,2.009725871,1
-0.435201807,-0.06968702,1
1.467622574,1.843485881,1
0.517679372,-3.029963206,1
2.847643602,0.901803788,1
-1.27336872,-2.257045783,1
0.703027482,-3.418156638,1
-3.530257728,-1.65563379,1
-6.14643118,1.701291544,1
-1.198300277,3.128125362,1
-0.699837577,0.142892478,1
-2.446105955,2.343776545,1
-0.441160903,-3.162595438,1
-0.303106705,1.47717717,1
-1.473387868,0.347214766,1
-1.495754508,2.375191409,1
-0.367124548,-2.868566342,1
-3.266761739,0.810932761,1
-1.943400314,-2.784071718,1
0.525063714,-4.280226802,1
1.746920271,0.565517519,1
-1.570127696,-0.310626484,1
-2.741630265,2.56860502,1
6.316596107,-1.1223308,1
0.830164823,-1.693710949,1
4.039853716,-1.263695608,1
0.778963154,1.234290804,1
1.866411427,1.875868395,1
1.253984929,1.909731105,1
-0.897585656,1.293819366,1
-0.597712639,4.213865359,1
2.593094393,3.573287923,1
-1.175458492,-2.549458101,1
-2.243967052,5.523373835,1
-1.661989828,4.053446532,1
1.086140474,-1.175692478,1
0.162784583,-0.667273382,1
-0.975399463,6.446712503,1
0.683284678,2.761238792,1
5.458706995,4.43073357,1
4.589247177,2.520955132,1
2.170295795,-0.625678833,1
2.716668071,1.247520519,1
-2.741579127,1.146647489,1
3.485231433,1.850474367,1
0.246095242,1.360089118,1
3.695195285,0.168884383,1
1.008956668,-2.832384425,1
0.818085372,-2.757754584,1
-2.024596487,1.057974568,1
-4.398782014,1.829390561,1
2.077095949,-2.688369805,1
2.813422706,2.120192754,1
-1.213009348,-1.80509064,1
-2.448631272,0.113637652,1
6.682599928,7.07679009,0
6.06828552,-4.171498552,0
8.100001358,2.8756466,0
8.558392609,0.234363977,0
0.429871183,-6.923758753,0
7.26246683,-2.174139416,0
6.548138635,4.473377335,0
3.4224808,-5.781518471,0
1.344002916,-7.120595319,0
3.876685828,-7.97810481,0
1.991019905,-6.521482602,0
7.244192354,2.792483734,0
7.527701606,1.464087593,0
6.230794739,-2.317515014,0
-4.130579863,-9.034004219,0
2.052273985,-6.801007569,0
4.374107159,-4.549795431,0
4.679205267,-3.021283335,0
1.867423282,-6.516647267,0
2.947975271,-5.215470575,0
6.043693796,-6.750734114,0
4.591503908,-6.103963139,0
7.83969036,0.530035885,0
4.228090244,5.539912707,0
5.267281315,-6.788030537,0
5.784961216,3.33225139,0
1.629346004,-6.41567535,0
2.400887629,-6.918287046,0
6.215566253,1.570414591,0
7.261562078,2.48118051,0
4.926679685,3.361705196,0
8.593633926,-0.382877539,0
6.932043008,3.14126371,0
7.087408654,-2.525237151,0
5.937207051,2.205411493,0
3.23345891,4.963904488,0
6.450541125,-5.636530798,0
5.603546999,-5.496569624,0
7.67051911,4.5862423,0
7.762910581,-0.660412807,0
8.362755095,0.938756792,0
6.905262921,-3.322482391,0
5.371859585,-7.592559537,0
7.53817028,4.915556113,0
3.884098311,-5.295215084,0
2.917428832,4.775413679,0
-0.707905049,-5.773345496,0
5.691077277,3.484277599,0
9.239163711,2.383363514,0
7.641193315,0.889740594,0
1.508740149,-8.16538537,0
6.635137617,-4.163190288,0
2.701741894,-3.882062687,0
5.167287174,4.189662004,0
4.513655192,6.366807298,0
8.125817412,1.533928131,0
5.694636104,-4.515300723,0
1.652958714,-7.574600839,0
6.423672063,5.840790658,0
0.465151207,-7.82127126,0
6.676888416,3.368602982,0
6.643776028,-1.926046516,0
7.173585696,1.66970858,0
4.370010069,6.107072468,0
7.612302823,-0.968597292,0
0.473661888,-7.354690866,0
-2.758107247,-6.383754568,0
3.65030807,-5.08464911,0
-2.69640845,-7.582133439,0
0.250988565,-6.193227422,0
7.695131119,0.143764457,0
2.559622239,-7.271233002,0
-0.031211682,-5.074540453,0
4.674760299,2.984274643,0
1.381388227,-7.077409585,0
2.084685686,-5.98558633,0
6.158333876,3.548132175,0
8.736128607,0.316389786,0
1.381691009,-7.744913728,0
7.339736782,-1.355069713,0
-0.721834366,-7.686237686,0
5.258707826,-6.689346865,0
6.395170072,2.426328945,0
6.922360671,3.029417234,0
6.411233528,-1.820955464,0
6.163825475,-5.877194048,0
5.343989666,6.796076084,0
6.869377063,5.98664205,0
9.062865514,-0.566371386,0
8.664385729,-1.603473401,0
5.993985477,-3.707518346,0
4.73617891,3.233335152,0
-0.34082903,-7.800133284,0
8.948571309,0.334505595,0
8.466673942,0.179986041,0
6.305625313,-2.394502924,0
4.20076226,-4.448075057,0
6.707890029,2.398647447,0
-1.12830149,-6.274333284,0
3.721056947,-5.769633372,0
1.377575063,-7.373090508,0
1.349530477,-7.362514022,0
8.003158967,1.177286297,0
8.984408364,-0.25280249,0
6.178809441,-3.554486799,0
-2.46020254,-6.574428773,0
5.850267872,-0.399160673,0
4.101688341,4.043757013,0
6.078582629,4.346819198,0
7.943354189,-0.696345201,0
0.68450221,-7.658000364,0
5.926900054,-2.421477085,0
3.877125702,-5.773846228,0
4.268428586,5.635577468,0
-1.205302226,-6.10456269,0
5.799395381,4.769336462,0
-1.757262925,-6.017836164,0
7.793714084,-2.920599654,0
6.834733844,-0.589282553,0
3.289325906,-7.774531576,0
7.817794382,2.002504958,0
-2.118870869,-7.289783418,0
5.745279491,-4.522851344,0
5.696543199,7.487288033,0
5.592778273,-3.16286116,0
7.143541312,-1.623412292,0
7.301168591,-2.153046246,0
-0.968353882,-6.576372665,0
4.967538689,0.426262525,0
10.41926574,-2.518974802,0
7.860564556,4.632909273,0
3.959041395,4.758385234,0
-1.147036096,-7.752030038,0
-0.381942774,-8.585075512,0
6.934405866,2.113606973,0
3.364252204,-7.21856901,0
5.158803676,0.355307107,0
-1.537804486,-6.972141289,0
5.2657613,-6.009601618,0
5.919440016,-5.652948454,0
7.217199603,-1.191695103,0
0.165131294,-6.595900118,0
-2.083497849,-6.213691988,0
6.054624909,-5.07601781,0
6.57678475,-0.727305604,0
5.501786711,2.659344982,0
-2.539364942,-7.605872121,0
5.427457065,5.885159304,0
-2.079030542,-5.118048244,0
-3.025932129,-6.139517417,0
-3.009155148,-6.209869748,0
5.529677022,5.776016851,0
6.657229895,-0.455428332,0
7.497420585,-1.809386815,0
7.941236462,1.02890157,0
5.623754918,5.733299943,0
4.096427816,6.746137422,0
3.630089643,-5.78980301,0
-1.684032432,-7.574432927,0
8.251948452,-0.689167777,0
0.569393171,-6.668819122,0
5.205497249,-6.182428971,0
6.025788421,-6.719502999,0
-3.133838258,-5.663609601,0
6.222940863,-3.726610703,0
-1.251850953,-6.46898703,0
-3.919596688,-7.125415609,0
5.059224854,4.984284433,0
4.734938287,5.649361426,0
2.248740879,-5.381580201,0
-2.562727796,-6.144768159,0
-2.531509935,-6.453173618,0
7.317241286,1.070205659,0
6.442133117,-1.513291168,0
3.705030226,6.204060176,0
-2.944202634,-6.667066506,0
4.214993341,5.12926444,0
9.769647939,0.998945872,0
-0.065895371,-6.764159703,0
6.032903344,-1.917074601,0
5.081763579,3.991994591,0
5.990697911,-3.031303053,0
6.416009212,-3.443012372,0
7.341368946,-3.783094029,0
7.472671791,-1.084024731,0
1.258921422,-4.991029678,0
7.401150396,-0.039673369,0
7.214395345,-3.701002644,0
6.03866786,-5.115359598,0
-2.97006432,-5.673375923,0
8.14841976,-3.116231478,0
3.946281603,-5.572864183,0
0.265508186,-8.408069689,0
6.55002598,3.528706626,0
-2.437984914,-7.611769922,0
5.021101443,-4.696092903,0
6.683240001,0.596308143,0
3.532253583,4.690574223,0
-1.563549639,-7.822206979,0
-2.280984296,-6.491350819,0
6.245788528,-5.055537188,0
7.101181548,4.197060388,0
7.880433234,-1.399353978,0
4.449544502,7.263005412,0
-1.009373344,-8.211137477,0
-2.81245991,-6.408814261,0
5.813495808,0.47341695,0
6.03173323,-5.839574746,0
1.079350808,-5.96133719,0
-1.323796632,-7.421366695,0
6.585715358,-1.479326662,0
6.148416779,0.762264393,0
6.23379279,-1.648832955,0
4.494527232,5.650845173,0
4.807291542,-5.572472101,0
7.21819495,-0.460334082,0
4.763855219,-4.213082511,0
7.214258365,0.123386388,0
7.697868195,-1.1379471,0
7.287925657,1.652595972,0
8.136266892,0.061036036,0
6.725075525,4.058459839,0
7.125068865,0.127285937,0
-3.039545663,-5.484105624,0
6.173409943,4.708760153,0
8.184818362,1.715273995,0
0.006276168,-6.759480376,0
6.156999546,-3.632975041,0
5.227565129,-5.11496648,0
5.8868533,2.627735154,0
3.296763856,-7.840433518,0
2.732339515,-7.025609986,0
-0.627983787,-6.828410532,0
-0.256145297,-7.956798928,0
0.506359589,-6.636133226,0
-1.543285958,-6.459089408,0
3.773496707,-5.116574156,0
5.099124301,-4.456488092,0
-2.521641911,-9.155687054,0
4.005385255,-5.513341578,0
8.713777073,1.914379914,0
8.261983537,-1.052099324,0
4.5071917,-5.213805481,0
7.420099193,-0.359459703,0
5.924455867,-5.516741205,0
5.792385568,7.249632946,0
6.498701351,4.155100391,0
6.054083098,4.632980445,0
-2.183919322,-5.242339976,0
-0.215680808,-7.352318305,0
7.696787886,-0.133332568,0
5.601882776,-5.316427931,0
3.824574565,-5.704747424,0
-0.336807774,-7.949061132,0
7.067015733,4.306815173,0
7.26604049,-1.856779798,0
0.873019815,-7.113525607,0
-2.15292632,-7.635585149,0
5.82795584,3.124580665,0
5.857727074,4.391066965,0
1.224782703,-7.26628198,0
3.137817035,-7.476660844,0
5.075871707,-4.928710901,0
7.339355558,-5.456211221,0
9.106117741,2.468395218,0
8.560211392,-1.714057326,0
6.535377962,3.076995072,0
0.563091481,-7.694760271,0
3.999053875,-7.003630084,0
3.336804611,4.419660098,0
2.747485703,-6.613522171,0
6.795675256,1.621758604,0
3.425257858,-7.101672984,0
6.166451102,0.385710864,0
3.550503212,-6.744764387,0
6.979524067,3.756074928,0
5.958205401,-3.500219595,0
8.18400809,0.340194924,0
6.856683584,-1.664639664,0
5.914668802,-4.847963184,0
4.234685223,-7.184100965,0
0.793649793,-7.51138094,0
2.203462138,-5.990744547,0
4.163418826,-4.376693266,0
6.851780416,4.592944036,0
0.186272478,-7.661392928,0
6.922809167,-5.562615759,0
7.840671662,0.455713794,0
0.678186678,-7.397020041,0
4.596255785,-3.966644272,0
0.435439289,-7.820147557,0
3.635929948,-5.13187671,0
3.588678269,-6.120377974,0
3.959337946,-6.361287089,0
2.829106088,-4.999087431,0
4.610368406,-5.108563641,0
6.673395941,-3.927756399,0
4.024801724,-6.531057562,0
5.558130141,7.78198716,0
6.062862559,3.45921057,0
0.419089543,-7.597034515,0
4.346296264,4.299964642,0
5.102882673,4.881877806,0
7.338061524,0.857601842,0
3.972076239,-5.16537317,0
6.15368754,6.726680644,0
6.505177626,5.855758536,0
7.155703801,0.133515116,0
7.999797982,1.319014951,0
5.532771835,-3.672742443,0
6.523804092,-0.255636353,0
8.744374477,1.343168407,0
-2.416301364,-7.129728183,0
6.360167089,4.780497714,0
7.178116633,3.08005421,0
7.520224402,-1.278906635,0
-1.311218938,-5.984466785,0
5.940324385,0.047409733,0
-0.379022364,-9.108643629,0
-2.941852632,-6.174948214,0
0.345071386,-6.312189466,0
0.841079479,-8.598880297,0
5.852082823,-4.772544197,0
2.846500069,-7.270462429,0
6.729222156,1.123593367,0
5.701403932,2.606952232,0
-1.600824143,-10.3125859,0
-1.030530592,-7.739628158,0
-4.082586777,-7.602189657,0
4.950130299,-5.549503949,0
0.996780695,-7.893650533,0
8.241041697,2.720857939,0
5.978369267,3.536854933,0
6.969945635,-3.866041407,0
8.449316053,-0.731082068,0
-2.588016839,-7.874794328,0
-0.766781361,-6.776904118,0
8.003543611,0.432078714,0
-0.165659624,-7.102074571,0
6.530791964,-4.414013479,0
4.733078291,5.926133236,0
6.709363334,5.636805518,0
1.771240594,-6.344043747,0
7.308002976,-3.917888508,0
0.263093057,-7.724118621,0
5.336405146,-4.702393609,0
5.663776291,-2.452728863,0
1.926120729,-8.058867079,0
4.676078237,5.493120008,0
2.617645034,-6.589935709,0
3.709895096,-5.859419691,0
9.261107664,-0.251400118,0
4.393682692,-5.987335076,0
7.295172101,-2.806214723,0
7.247108875,-4.939122992,0
2.175811397,-5.471673107,0
4.917381521,-3.583290365,0
3.482789472,-8.090933153,0
-3.998222107,-7.993994401,0
6.428833087,-0.398777881,0
5.634238741,5.48673407,0
0.877649105,-7.338693946,0
6.69915251,-2.636630502,0
7.61503034,2.740040359,0
0.688494173,-7.709258098,0
3.340933432,-5.068273136,0
7.128566301,1.135388745,0
-1.433427007,-7.478808414,0
5.610879872,-4.123494015,0
3.885587046,-5.995683117,0
5.106510676,-4.078763596,0
4.513168103,6.716639578,0
3.815126424,-6.78100678,0
5.733929439,-0.756788918,0
7.248806839,3.462286182,0
6.053264688,3.560693245,0
8.088878789,2.094845018,0
1.670144558,-6.825005667,0
4.772226686,-6.06204546,0
9.232222955,-0.098423061,0
6.216770699,-5.07632167,0
2.360366974,-7.703266636,0
3.023316827,4.869113627,0
3.289106785,-6.601618504,0
4.611171212,4.29698644,0
6.412728307,1.154242584,0
7.018784925,-1.236459741,0
8.551084755,-0.697294919,0
6.518816912,4.044192785,0
7.794146072,-1.362635176,0
3.173026255,-8.8118392,0
6.400392169,3.644270364,0
7.157199166,1.099362239,0
7.329934068,-5.038394967,0
5.751060407,5.127443931,0
1.149180919,-6.71003655,0
-4.253532097,-8.062698515,0
9.416602486,-2.215564058,0
3.528771671,-7.177599565,0
5.758049753,-5.429089196,0
6.559546636,6.517566526,0
4.217179708,-7.697778501,0
7.829574709,2.759252377,0
1.361256318,-7.961772331,0
5.861460817,5.943463543,0
-2.257097204,-5.672788874,0
8.224699636,-3.006887214,0
6.930586342,4.084985755,0
4.499551581,-6.666064264,0
2.537908129,-7.000447864,0
2.54126395,-6.114563715,0
-1.051510334,-7.332742528,0
6.978828255,4.338235642,0
4.005545963,4.4195324,0
7.064696391,-2.615039146,0
7.204789525,0.573232488,0
3.359370921,-6.887775252,0
6.888109303,5.383173793,0
3.85920032,6.678420008,0
-0.276599596,-8.173716033,0
-0.285105342,-5.758592578,0
7.659665284,-5.731680883,0
5.042414068,-5.778573727,0
0.328466262,-8.530750285,0
2.127987055,-6.560833314,0
4.818079342,5.248624603,0
-1.562605107,-5.923208782,0
-0.36966467,-6.950237502,0
7.610473024,-2.082570185,0
1.467929396,-7.5895024,0
-1.638152438,-6.087551722,0
5.300911042,-5.975470375,0
6.122802008,-0.14369623,0
3.201726423,-5.237647673,0
6.387353608,3.778020112,0
5.13764392,-4.804869611,0
4.82884043,2.886639206,0
7.747090086,-1.664158219,0
0.52780046,-6.915006376,0
4.816763208,-5.944054642,0
5.05930842,-5.852984751,0
-3.406803853,-6.124294812,0
4.761368418,7.521400359,0
8.827538199,0.599245472,0
-1.843197311,-8.122964223,0
-2.967404098,-7.601325837,0
6.659078141,3.284450386,0
5.823965216,3.29426214,0
6.722331887,-3.781147163,0
8.519157857,-3.055217241,0
5.264525571,-4.584653826,0
9.044034529,2.259234165,0
6.783859039,-4.691552287,0
9.185475882,2.6904633,0
-1.766557422,-4.935562266,0
5.446043137,-4.40298686,0
5.13741347,-7.2526607,0
2.99814063,-8.560978887,0
1.233344672,-7.920865899,0
7.887436099,2.921915144,0
1.584392924,-6.338951183,0
3.026028898,-6.683586201,0
-0.256751534,-6.77951698,0
7.227134279,-3.267204961,0
-0.156639835,-8.230187482,0
6.680207424,-1.367177845,0
5.948351376,-1.787397697,0
6.517594057,-2.407548999,0
6.493403574,-0.774784394,0
-1.642117878,-7.112892273,0
-0.498410854,-7.211180763,0
6.652980633,-1.12632426,0
4.122387326,-6.77780965,0
-2.92883762,-5.093762277,0
6.840815189,0.907854878,0
-3.330642856,-8.252167843,0
4.656957595,-5.674587006,0
5.577257575,-3.716185939,0
-2.554560659,-6.011154532,0
7.018690833,5.086303734,0
6.087531449,5.419497308,0
-0.828923246,-7.352553383,0
6.622830796,-1.98925092,0
6.157533955,2.182014583,0
5.767047623,-3.13164928,0
5.182368311,5.339201373,0
5.961516091,2.633910346,0
6.918252182,4.881634893,0
-1.060486032,-9.488733349,0
6.732971996,-3.067683607,0
2.824380106,-6.363482965,0
-0.003749239,-8.201112892,0
4.441728759,-6.769602783,0
-1.289033517,-9.198967433,0
5.371714309,5.416831018,0
6.849015933,-1.637619041,0
5.41235828,5.458567133,0
4.394827595,-4.461237179,0
6.593570705,2.355392281,0
6.299193068,3.709366546,0
3.650105117,6.003341927,0
4.623538988,6.103717828,0
1.937126774,-6.078150518,0
4.377992642,6.018016138,0
0.513254674,-8.124859804,0
2.161718255,-8.451022476,0
6.35604568,4.612410103,0
7.813479315,0.850649386,0
7.453043508,-1.229182045,0
6.214694969,5.311434721,0
5.413188517,6.709972829,0
-3.435223124,-6.377932346,0
-1.390517666,-7.000609967,0
5.621590073,-7.437755766,0
-2.89808692,-6.327217526,0
6.303822212,-3.506461447,0
7.319036456,1.125505177,0
5.334427209,-4.84657006,0
4.520879669,5.999691907,0
8.309779567,-0.14487594,0
7.003124017,-2.733075243,0
6.524212108,1.98933711,0
-1.548241528,-8.06464138,0
6.465238311,-0.282791728,0
-1.943651896,-7.739935935,0
8.400233753,3.394290322,0
8.017423411,-1.643848996,0
7.058297294,2.556254552,0
-3.532161932,-7.387014665,0
5.288779373,-7.383503121,0
-1.478743918,-7.565744189,0
2.860569232,-6.068608714,0
6.114649698,1.203704976,0
4.778665401,6.591849667,0
6.632614555,-2.848424569,0
-1.474385323,-5.773204456,0
5.781646493,2.789247773,0
-2.126176687,-6.395264346,0
5.668768715,7.843830123,0
7.066055881,3.611777278,0
4.701389938,-7.484180322,0
3.773735335,5.212229197,0
5.48968746,5.476410645,0
-0.92056688,-7.831221018,0
4.035615973,4.073129919,0
7.756830089,-1.807227528,0
-2.926207862,-7.354230714,0
5.792221276,4.301229684,0
7.29663794,2.02088596,0
3.408866487,-5.574099248,0
-2.796462957,-5.956987886,0
-2.198109925,-5.058295903,0
-3.003246667,-7.483435279,0
1.080666672,-7.345920147,0
-1.909898278,-5.424666984,0
-3.226790843,-6.984965978,0
-2.517607372,-5.996668002,0
5.116364339,-7.685753539,0
-1.863185102,-7.659498125,0
8.142615441,3.745048175,0
3.964143038,-7.805623689,0
4.597269966,-6.691352859,0
4.493203652,7.640490581,0
6.848557752,7.656729744,0
6.905622554,4.876727066,0
4.1349819,-6.075855251,0
5.939326959,1.656753238,0
5.066995902,6.303023444,0
6.761021122,2.411617183,0
1.820808236,-6.679196031,0
1.727262471,-8.603853496,0
6.826481319,-1.987256844,0
8.247657316,4.448712907,0
8.405465071,-1.156077476,0
0.385686428,-8.627562763,0
-2.536046028,-7.081924366,0
5.427718309,-5.047841278,0
5.801999496,-3.799585688,0
7.075728709,2.784344194,0
5.551280194,-5.163675424,0
-2.165098696,-7.890852559,0
3.795112592,-5.580489012,0
2.74103843,-9.081204501,0
4.054981909,-5.831876415,0
6.624605715,1.063188381,0
2.713818585,-5.994696027,0
5.47920043,-4.279018143,0
-2.962668084,-7.437560621,0
7.044445196,1.161168405,0
4.750183016,-7.247877989,0
-3.015370132,-7.341390338,0
4.205533485,7.017790621,0
6.936077033,4.771216722,0
3.030224102,-8.27529078,0
7.592620379,2.151078684,0
5.252559597,4.452597922,0
5.434927181,-4.948689093,0
-1.8737995,-7.466122074,0
-2.259119294,-7.077408385,0
4.608461338,-6.645439059,0
-2.09963934,-5.801032979,0
7.133006466,1.597431357,0
5.621167759,-3.571934406,0
1.924216381,-7.172940077,0
8.256504178,-0.911166795,0
5.903230768,7.004750288,0
5.796841631,2.270728778,0
3.953382515,-5.649438197,0
-3.413345948,-6.364063426,0
7.502503769,-0.047092771,0
5.052729812,-5.015845935,0
8.000832922,-5.59114091,0
8.443166757,1.300213124,0
5.045049278,-4.870754029,0
-1.133239596,-7.756777605,0
7.445521834,1.801357335,0
1.86995607,-6.579102973,0
5.758335357,-2.775760615,0
3.440500474,4.379510459,0
6.343958427,0.894456423,0
-1.776426667,-8.208439469,0
8.222181161,1.752095046,0
-2.006124782,-8.293849638,0
-4.823293412,-8.436317084,0
4.810940121,5.810549744,0
4.549516591,4.725251227,0
5.465214442,4.602889249,0
6.100134015,-0.074531437,0
9.33347336,-2.810003565,0
7.292459382,-2.560892985,0
8.172828351,5.266066614,0
1.569405464,-7.227695312,0
6.942313479,5.573101388,0
7.780966178,3.307803388,0
6.55871205,1.877960567,0
4.747351783,2.849588282,0
5.436075692,3.466412611,0
4.23905906,3.808190229,0
6.030410353,-6.170034095,0
9.343840308,1.026607386,0
3.166605004,-6.46691133,0
3.53812663,-5.865845332,0
3.784392759,-7.942318355,0
7.951102754,2.340846281,0
7.089521285,3.960115712,0
0.487940831,-6.610237919,0
6.014320058,6.75035831,0
7.316057631,5.366456824,0
6.594294224,-0.158071665,0
6.640604168,-3.630330869,0
6.63064008,0.093419358,0
1.708835052,-9.511733615,0
6.745110238,-4.354504152,0
3.141119677,-7.032029471,0
4.793878741,5.271868871,0
5.009230657,-4.709224659,0
7.985741952,-2.80371095,0
4.691686727,4.403842812,0
2.337255678,-6.796118678,0
6.631600053,0.275115577,0
2.244749553,-7.564618316,0
4.170512718,-4.673615233,0
5.446416004,3.349556312,0
7.356506991,-2.45193968,0
7.478165961,4.530613313,0
6.820255044,3.819492496,0
0.271380803,-9.241468006,0
7.849916677,1.21649829,0
3.571165172,-6.392736136,0
6.086747259,-0.84717908,0
5.660465702,4.732401929,0
-3.384838169,-7.388197164,0
8.461652017,-2.951514403,0
6.359531263,0.419448926,0
-0.207677565,-7.179341986,0
5.957657361,-3.118766872,0
-2.414092512,-7.336988008,0
5.227004664,5.219856277,0
8.19767153,1.178730149,0
5.79213436,-4.785669088,0
0.253330546,-5.450830129,0
-2.413881654,-6.985020886,0
7.817318722,3.060204186,0
5.990805968,0.279127235,0
5.730710354,-6.668338729,0
9.047146932,-1.748578248,0
7.098286178,0.814936654,0
1.058934596,-6.111219784,0
7.171635733,1.28749681,0
4.901322476,-4.506485645,0
3.574270819,-7.203080762,0
0.817571446,-7.12359659,0
-2.47763097,-6.241390024,0
-0.475815943,-6.158348962,0
7.166888531,-4.583489436,0
-2.40165523,-6.079042673,0
-1.144957288,-6.211914741,0
7.261897821,-0.006728072,0
-2.475730466,-6.452647655,0
7.356948603,3.4057282,0
4.627567881,-8.320074675,0
6.127201687,0.500437789,0
-2.591787685,-5.56150648,0
6.838194502,1.90188392,0
4.485379179,7.129758126,0
8.8277166,-1.163548028,0
6.604460279,3.387222655,0
4.552122043,6.862997666,0
5.992016908,3.451607052,0
-0.43981172,-7.933942347,0
5.417801983,5.488407642,0
4.689888563,-4.920392718,0
5.711186003,4.003052437,0
-1.543984702,-7.485047355,0
-0.927289726,-6.466874589,0
6.901542085,1.448272892,0
6.534660771,2.836028762,0
0.746954973,-7.030927161,0
1.000410789,-7.624528528,0
6.237778518,0.946405172,0
4.461488582,6.498970045,0
5.046747953,-4.498178479,0
-3.543324831,-6.246884372,0
7.221429553,-2.417029473,0
7.077639458,0.604455754,0
4.333437678,-6.318708348,0
6.751394134,-0.025943506,0
-3.030049254,-6.297931014,0
8.552196054,0.853472959,0
7.03284249,4.199426577,0
0.280865774,-8.512136293,0
4.973203653,5.90435863,0
4.940265519,5.727900918,0
6.366134788,3.830823482,0
4.673193998,4.021721721,0
5.905559463,4.582690701,0
3.441873739,5.282324745,0
6.777467133,3.742186853,0
7.537554514,1.012134027,0
8.732657677,0.363765817,0
0.300886194,-6.669503673,0
7.86730511,0.653601141,0
5.620081524,-0.915427835,0
3.305911196,-6.795651556,0
4.473826938,5.336512456,0
3.936442093,-4.594386046,0
8.241959671,5.265738737,0
6.685494248,5.775094076,0
8.867563432,-4.086008742,0
6.078650149,4.100890454,0
5.538733838,-2.631379477,0
4.219767121,6.914706532,0
4.606573898,-6.091574501,0
4.809140448,4.640863646,0
2.891726179,-7.595827914,0
8.319801646,4.458751052,0
3.846504414,-6.226390037,0
7.703135129,-0.885025597,0
1.559876083,-6.87385261,0
0.141044609,-8.394696573,0
2.313526797,-8.13432481,0
2.443358263,-6.266271721,0
5.686268715,6.380561868,0
4.695752629,-5.71894873,0
8.93362324,0.755111239,0
-0.862583441,-9.236063862,0
4.591090941,5.168409651,0
0.092090275,-7.969652408,0
-2.736022881,-6.136165069,0
4.25581061,4.361982763,0
6.127706674,-4.573854431,0
2.075882923,-7.381054921,0
5.498788459,4.88824848,0
5.429851818,-5.324175048,0
-0.622236657,-9.595198978,0
6.677762183,-3.454026912,0
6.579983166,1.287789791,0
4.436857705,5.130217295,0
2.382659607,-6.074334582,0
2.8166623,4.481682378,0
-1.72243864,-6.068432372,0
8.616160315,-0.642121998,0
7.4173111,3.358826672,0
4.249721586,-4.874482177,0
-3.825989571,-6.712302158,0
0.103214134,-6.265946936,0
6.345497654,-6.188075755,0
5.523802429,-7.769756376,0
6.583465955,4.32297967,0
4.979125351,6.554760381,0
8.642272591,0.521466296,0
3.926270475,4.095127396,0
5.845385968,5.454449952,0
5.302143693,-5.060418082,0
6.895495632,-3.756113426,0
7.888949092,1.073941269,0
6.720531627,-0.592134527,0
-1.891925092,-6.255764746,0
7.913183618,1.88285375,0
4.770196006,-6.606238216,0
5.960152129,3.347239179,0
3.505455946,5.926565978,0
6.377915958,3.480732485,0
-1.689443081,-7.016220709,0
3.73766383,-7.294573979,0
1.900774065,-7.536424594,0
1.572994719,-6.491257338,0
6.151816947,-1.25099677,0
4.779776666,-5.461241454,0
7.692316631,1.758294578,0
-2.671538092,-7.307726542,0
-2.488921924,-8.949241615,0
7.649278341,0.195117913,0
4.829308673,-3.970509826,0
6.33659716,-1.406111487,0
0.899367221,-7.463686834,0
7.082988885,1.932455024,0
5.655388827,3.874211501,0
-2.94624583,-7.3653923,0
-1.028342863,-5.256259298,0
6.537807274,-0.134424766,0
2.34369445,-5.662720008,0
-3.458336999,-7.31544424,0
5.575337286,7.230043647,0
-1.368820801,-8.917751305,0
7.991972601,-2.797977053,0
-3.737679081,-7.069559534,0
6.843978618,1.30954393,0
6.755626529,1.799094278,0
6.912994591,4.975608967,0
4.926178473,1.720072078,0
3.043802421,-7.886982932,0
3.084600203,-4.580167975,0
8.342949369,0.803475544,0
4.519678422,-7.30166266,0
6.239866404,1.249542059,0
3.573353091,-6.096832825,0
6.402265788,-3.159888667,0
6.982731773,-5.772189206,0
-1.536537688,-6.887634013,0
5.482111861,2.244213542,0
6.534209506,6.075497912,0
4.047089524,-5.289707851,0
-3.306627723,-6.270103928,0
10.13784019,-0.642948396,0
5.367846663,5.193478928,0
6.748535484,-1.061346198,0
8.010508972,1.44428228,0
3.623540781,-7.938159908,0
-0.811449329,-8.287136571,0
-1.944746937,-6.645217344,0
7.649350729,-3.613486249,0
1.138921235,-5.384171921,0
8.184618417,0.483634477,0
3.789751496,-6.478646989,0
7.771252783,-2.87827238,0
-1.318834668,-7.189767011,0
7.584369565,-3.651089773,0
7.805447525,3.644376016,0
6.955100598,-1.287438924,0
3.524295397,-6.372166948,0
0.096297004,-7.873750348,0
7.363536412,3.347916927,0
5.509772672,8.303660451,0
6.883191163,-1.241980942,0
8.73879097,-2.389012434,0
3.038333034,-6.346968756,0
-3.110222022,-5.955110381,0
6.520167869,-0.931327579,0
-1.771863029,-9.818852704,0
7.725125898,-2.164057879,0
-1.068971171,-8.214504716,0
2.912071641,-5.108092954,0
1.230382768,-5.503773259,0
1.196285452,-8.4108224,0
6.865737186,-0.13692601,0
3.411289486,-7.682487153,0
0.371728569,-6.091830759,0
5.266794676,5.095532495,0
6.550358529,1.974309065,0
5.566667303,5.040406493,0
6.838746002,4.743701332,0
-4.004037132,-7.408663245,0
1.411767522,-7.451914005,0
6.536835561,-7.19969569,0
-3.378571791,-7.198963669,0
5.385219673,-5.156148989,0
4.316286693,5.401285301,0
7.39753182,0.685352778,0
-0.726512338,-7.58769968,0
7.287460613,-3.361132952,0
7.63764347,-0.091995907,0
6.136062304,-3.960303274,0
5.501150803,-3.537817757,0
2.876818955,-8.394773514,0
-1.855787664,-8.632406903,0
1.585836485,-7.164993035,0
-2.182097793,-7.677781291,0
6.127898012,-4.190235213,0
2.379167761,-6.499385003,0
6.703880855,3.568327992,0
3.173331401,-5.709134614,0
-1.284294258,-7.906236913,0
4.133298576,4.517325749,0
6.903271842,-0.779122037,0
0.139344372,-7.55199225,0
6.495729032,-3.00990213,0
2.567996429,-6.818871805,0
4.93318848,4.62003033,0
5.589334739,-5.651250238,0
4.700215099,-5.554400979,0
7.363347258,0.75979075,0
5.503023795,-4.158878788,0
6.354887556,-4.778950853,0
3.831723295,-7.445578552,0
6.037039292,-3.142883821,0
1.558956614,-6.985391753,0
7.962301316,2.864113295,0
4.661652749,4.72023864,0
6.348500991,-3.148439579,0
-0.8549173,-8.195328658,0
6.84171339,1.006023107,0
7.890297006,0.22210171,0
4.880008199,3.484752885,0
5.821447172,4.377431358,0
5.538270962,-4.503121697,0
2.045485115,-6.18866793,0
7.130717619,1.685392799,0
7.472405412,0.290365438,0
-1.343708503,-8.052232688,0
-3.6627207,-6.705033377,0
3.832703047,5.240926249,0
0.349872642,-6.616506446,0
-0.631543266,-9.081104796,0
4.360248427,-7.357310792,0
7.362668199,2.053760032,0
7.122686619,-4.467412608,0
1.200961432,-6.282752949,0
7.094369697,2.386694598,0
5.832303809,6.687292726,0
5.52533906,-4.032129084,0
5.591298001,2.842807513,0
-1.36524587,-6.995053126,0
1.194405383,-6.212717602,0
1.092599328,-7.678186746,0
1.603280496,-8.522859123,0
7.883964764,4.631273798,0
7.801174894,-0.548225862,0
-3.315763839,-6.906009609,0
6.262998351,-4.176744696,0
3.928602068,-7.136278712,0
6.6243358,-1.704869247,0
0.055292594,-7.642593294,0
5.887658271,-0.3522744,0
4.395881299,3.655851953,0
3.865335875,-5.940862351,0
5.585727795,2.133491291,0
3.89549506,5.597356361,0
3.992827331,6.365209312,0
3.699226914,6.009472234,0
-1.118910979,-3.183239144,0
3.461895311,4.412327058,0
2.120824434,-6.239613341,0
7.615158292,-1.000022973,0
4.561998016,-3.458471476,0
9.033645837,4.307308884,0
-0.962172144,-6.11505622,0
-2.629505852,-7.787225015,0
7.468938579,-3.116272925,0
5.450133991,-8.335337705,0
6.915577735,0.578414243,0
6.299109957,5.559409063,0
8.1062666,0.742722261,0
-1.936785146,-6.857048374,0
1.421529876,-6.659707424,0
2.675618442,-6.947787274,0
6.166312848,1.900779623,0
6.408189679,-5.460131194,0
3.255900786,-8.310098381,0
4.83617237,-0.717260871,0
5.629357268,-2.827864312,0
1.038463886,-6.934625458,0
6.332361507,4.206375508,0
-0.862500598,-7.239279913,0
7.116508957,2.24945925,0
7.425933877,-1.009153421,0
4.802767287,-4.092851404,0
3.990011718,4.574925443,0
3.718873348,-7.439004475,0
6.213398175,3.093146123,0
3.463632006,-6.899526933,0
3.69516106,5.685062753,0
6.144037048,-3.654751017,0
5.857011812,1.255170106,0
3.172998171,-6.510012423,0
5.355579387,6.371475104,0
6.720945147,-0.769207908,0
8.641435483,2.161906686,0
7.374449524,-3.706506651,0
2.417553695,-8.243338851,0
1.227188503,-7.690177035,0
5.016314492,7.205587034,0
7.144901203,-0.815222737,0
7.629587014,-4.866821812,0
4.86819379,3.260118461,0
8.825516285,-1.06666899,0
6.399369516,2.480827165,0
5.965707676,-3.9694052,0
4.723170651,-7.382262142,0
7.201562527,3.376261074,0
4.881048232,7.499220383,0
0.662345356,-5.876897687,0
3.881894179,4.987668817,0
2.085219781,-6.361861022,0
4.07580035,-7.150633252,0
7.798078467,2.124229251,0
2.856761775,-4.964355741,0
7.050079374,-1.650737002,0
4.440201259,-5.591244044,0
6.904234561,-2.294813891,0
5.553932401,1.874717307,0
6.69497416,-0.83322789,0
1.186651563,-7.023690509,0
5.486031265,5.840888798,0
1.725050439,-5.362092829,0
2.123889026,-6.28274866,0
6.173295553,-5.040373636,0
3.373670639,4.524727805,0
7.534931635,0.384909223,0
2.158495544,-7.472641242,0
6.218999486,2.757220381,0
-0.451375904,-9.040116267,0
1.591118502,-7.007961832,0
-2.427809892,-5.969144344,0
-2.131293373,-4.752207735,0
0.809832129,-6.385875619,0
3.890347934,-5.955138765,0
4.782128022,4.914904341,0
1.133013804,-6.232171219,0
-3.80526112,-7.542276398,0
8.822861047,-0.17378415,0
-2.603861414,-6.959612125,0
1.686172459,-7.301753234,0
7.000126298,-1.595387561,0
7.654881439,1.883899757,0
7.293656321,0.20154423,0
4.881730456,-3.405887135,0
7.700282422,5.038681837,0
3.601262087,-5.128649482,0
8.319370738,-5.060555618,0
4.771319047,-3.868763674,0
2.726662215,-6.933573667,0
8.425795017,0.931326731,0
3.365996984,-4.571500924,0
7.654591927,-1.493406456,0
2.714188226,-5.670358643,0
1.326953197,-6.661452296,0
9.249576008,-1.227093137,0
6.345090582,4.032798748,0
7.408944209,-0.630646146,0
6.945419941,2.733474639,0
-3.831786851,-6.94348145,0
7.107210301,2.317815071,0
6.284355123,-3.638483389,0
7.505366033,-1.910908939,0
5.270937705,-5.212964879,0
6.406597714,6.773873209,0
5.573274201,2.360394897,0
7.322966992,1.017127433,0
7.454337404,0.255637582,0
6.893477311,3.076741287,0
7.345980186,1.57876093,0
5.758049553,-5.480187737,0
6.778653753,4.922261764,0
5.774932325,4.711416789,0
-2.134741954,-7.010089643,0
5.749492492,-2.501310001,0
4.79142206,-4.754788829,0
-0.299881096,-7.297022381,0
8.079353074,2.134203881,0
7.969486805,-0.458659146,0
4.006937895,-7.329801995,0
8.815895094,-1.154094716,0
-2.798897718,-6.968716792,0
4.5788448,-5.813326167,0
5.836947774,-1.777813578,0
5.875567996,4.628542844,0
5.774295504,-2.401013646,0
3.957429336,4.22731968,0
6.330125674,0.23272988,0
3.966789831,6.647970933,0
5.771200483,-5.159355834,0
-1.039196111,-6.379743929,0
7.149455076,-2.597158049,0
4.427959613,5.047997178,0
4.79812964,-7.858513758,0
2.404190911,-7.050165112,0
0.974191369,-6.300309173,0
6.620422668,-3.171627134,0
1.692364409,-6.614564567,0
3.933012481,6.180468249,0
2.043831549,-8.314707782,0
6.387049965,3.924147373,0
1.98438926,-4.638690285,0
7.415987013,-1.20817881,0
4.541029308,-5.740133356,0
4.14106642,6.366230882,0
-0.742060331,-7.712033202,0
6.170191008,1.370416004,0
4.965906291,-5.488849327,0
5.49193942,4.284159932,0
7.822303449,-0.133238503,0
2.746589786,-5.488051909,0
4.148010518,4.117178466,0
5.518010426,-3.727212442,0
7.721502763,3.825348046,0
4.446441443,6.526381691,0
6.990796369,4.669083922,0
7.397763113,-0.52240375,0
3.577063777,-6.31710147,0
0.592337367,-7.752233376,0
6.758076061,-0.59249749,0
6.444892596,2.707399462,0
3.907579886,4.765253818,0
6.543116964,2.210820242,0
-0.313388262,-7.319398258,0
7.244484483,-1.599939039,0
4.16270645,7.106109302,0
6.502524329,2.382816563,0
7.07346738,3.270288165,0
5.821217836,2.831488256,0
7.857174935,1.412094941,0
5.648163819,-7.764021877,0
6.237239166,3.829789082,0
4.397293316,5.405767121,0
7.168916471,-1.342291859,0
-0.820416576,-6.504104578,0
6.438733322,1.967845224,0
5.946829645,6.284677049,0
2.434684666,-5.52314097,0
6.539116504,-2.976977977,0
-1.388663473,-6.951791329,0
-2.577766986,-5.063182202,0
-0.082366719,-8.017915995,0
-0.621659176,-7.539298061,0
2.956527806,-4.8621621,0
8.07348223,2.800893214,0
3.765965497,-8.1123376,0
-3.508832584,-7.727223607,0
3.377982619,-7.310805019,0
-0.212053335,-6.965535202,0
3.577330825,-7.845553031,0
5.973500004,4.954390819,0
7.787173386,-4.096727922,0
1.20396856,-6.747294133,0
5.609257133,-4.777774,0
2.51559289,-6.63054072,0
6.119399605,-5.758440221,0
6.946074742,1.632861207,0
7.203667272,0.512045663,0
1.915449395,-7.605238388,0
6.514481971,-3.993538306,0
4.19136527,5.74345438,0
7.247963758,1.162952712,0
-0.538764067,-9.878043373,0
6.602334276,-3.204306542,0
2.271277348,-5.17121658,0
3.539572761,-4.192490219,0
5.399099657,2.76660198,0
7.094094695,0.204264089,0
-2.653123335,-5.869511274,0
-0.608217696,-8.647703294,0
6.045241582,-5.292669244,0
7.597124761,1.491990139,0
8.094238502,1.69404172,0
4.192628174,6.306438725,0
-0.062179727,-7.445529636,0
5.381532881,4.942928164,0
2.055942634,-7.494829132,0
6.908060092,-1.698823107,0
1.210558682,-6.92554758,0
1.096652543,-5.866767161,0
8.240299756,0.349073756,0
5.067677802,5.527641502,0
4.714007357,5.935081447,0
3.744717724,-5.405182745,0
3.460631398,-6.984087759,0
-0.455219751,-7.085739693,0
-2.618515655,-6.524902733,0
1.965455617,-6.77206187,0
6.573808638,-3.647741347,0
-0.192187295,-6.200986209,0
5.103450731,5.740696519,0
1.998395358,-4.673841229,0
4.320071429,-6.621354683,0
0.807760119,-4.845372945,0
2.983628478,-5.87142777,0
6.797754026,-3.54970324,0
2.480512849,-7.994489604,0
-2.756987559,-6.685474179,0
-1.144182875,-7.457558323,0
6.077264943,-1.990417757,0
8.475587312,-5.127993398,0
9.563038887,0.76960107,0
5.953124628,3.526629233,0
2.355553701,-6.632184006,0
5.689136607,5.218076154,0
4.48872279,-5.21321648,0
6.198363688,-4.575088666,0
2.674019841,-6.255877178,0
1.848039927,-7.152283107,0
1.381695673,-6.949480656,0
-0.870495709,-6.515127697,0
7.763813909,-0.91419085,0
1.898333613,-7.82454274,0
0.062272701,-6.353362059,0
3.851446747,6.562165519,0
-3.615920999,-6.689541148,0
6.897053035,-5.827224064,0
-1.139407762,-6.349782191,0
5.822632972,-2.823828968,0
4.718730472,-7.477327323,0
-1.438282438,-8.158064105,0
6.938668716,-3.05441991,0
7.384403856,3.574834601,0
5.087333581,5.557803583,0
-1.453310774,-6.057357762,0
6.809938402,0.110372549,0
-0.41127668,-7.612818756,0
-2.06905065,-5.612488027,0
6.814915781,-3.767326592,0
5.679901303,0.795951878,0
8.468091514,-0.855512277,0
1.006388183,-6.429609057,0
4.930325414,-6.220797194,0
-2.672035923,-8.444640037,0
2.584674877,-8.496693591,0
5.505767885,-5.846643524,0
8.426926579,-1.510402687,0
5.656621286,-4.093421429,0
6.997170402,-3.216711189,0
-0.871419573,-7.853899116,0
8.135628213,-1.273514369,0
7.040501576,-0.475102163,0
5.012069722,-3.007691104,0
1.754749367,-7.621373045,0
7.664912329,3.766481897,0
8.484337027,4.327360374,0
4.710975908,7.435287492,0
5.159688124,4.029198993,0
6.009894133,5.579829116,0
6.466489953,2.616872542,0
-0.427137389,-7.458751922,0
-3.372174612,-6.520353165,0
5.595502689,2.376627738,0
6.009415018,-1.977869351,0
7.966902942,0.844388908,0
2.170182992,-7.62130519,0
7.715365737,1.044761239,0
1.160561932,-8.933171106,0
1.024664968,-5.99752461,0
3.337231515,-5.200417262,0
-3.978865393,-7.535155945,0
4.319589962,-7.000298759,0
1.234275152,-7.99958251,0
5.53725612,-6.064130285,0
-0.836029002,-7.95446891,0
6.964316785,-4.208979371,0
2.993143759,-7.033156681,0
9.723820641,2.060359894,0
5.56670254,3.714267869,0
6.615956354,-0.78523175,0
6.483210321,0.770982933,0
6.885004411,2.241844266,0
4.483276721,4.548688647,0
7.504658643,-3.288438607,0
-2.554787338,-5.129370945,0
3.162558811,-5.727419113,0
-2.892462442,-8.626467941,0
6.883757598,4.598189671,0
5.723718832,-3.031506116,0
5.866636134,1.872928727,0
6.539548923,3.994370622,0
-1.663225244,-8.101677517,0
5.781625287,1.543771315,0
5.032841298,-4.28929526,0
1.086670557,-7.827467848,0
-2.724602701,-9.260471427,0
1.946193621,-8.651216443,0
1.10390464,-7.915732504,0
0.111077405,-8.255089958,0
4.778127251,4.344605619,0
-2.472191471,-6.091674977,0
4.467970091,6.420453774,0
5.536880602,-0.596387081,0
-2.90223725,-6.31810649,0
6.62731273,-1.783020211,0
3.917605084,5.416132071,0
-1.726843769,-8.302061269,0
1.049216624,-5.904403551,0
-2.006617395,-6.539775044,0
-0.99738418,-4.994724115,0
7.329752689,0.221235905,0
-0.931434394,-8.06287308,0
0.771923806,-8.410554495,0
7.197061858,-0.807500728,0
6.114675629,-3.140345217,0
7.209764304,-1.114671422,0
3.280594325,-8.272698833,0
7.870753587,2.869233055,0
5.790660281,6.095729619,0
-2.374404312,-6.519847423,0
1.839590735,-7.211670126,0
5.30767056,3.441029259,0
8.771581725,2.549345101,0
-3.478260608,-6.402728359,0
6.953888245,-0.148195381,0
5.692449212,-2.072042172,0
6.998830805,0.138719912,0
7.309861115,-0.166108999,0
5.118953069,3.331906609,0
7.112352238,-0.454031527,0
7.486696877,-5.409950425,0
3.469617927,-5.511852237,0
7.486396923,-1.411818887,0
9.392619905,0.446827624,0
-2.436858163,-8.176648278,0
6.780962081,0.992747926,0
6.479986499,7.199414359,0
0.415380747,-7.721012028,0
7.128769829,3.427907464,0
5.384205723,-2.70887241,0
6.386811781,2.703932815,0
-0.978985956,-6.679746903,0
-2.651988147,-5.841258293,0
3.607213123,5.971430989,0
5.38817981,-4.863505135,0
-0.788059126,-8.043570091,0
7.25859872,3.09958097,0
5.791742859,2.110041676,0
-0.987889611,-6.553781442,0
-1.132787614,-6.952801069,0
8.935958763,0.415756608,0
4.10147914,-6.982937324,0
7.18457473,1.293799709,0
5.622454088,4.520366149,0
5.130691714,-4.190899696,0
7.841293995,-2.905715164,0
-1.272691524,-7.019395663,0
8.40838481,-3.087710056,0
8.537390769,2.849274825,0
4.047987402,4.790776818,0
6.776591405,0.219782211,0
6.984507459,5.574629567,0
3.966093168,-6.802177154,0
6.292207874,-2.21465768,0
6.211280984,-2.135270602,0
3.497836204,5.959324176,0
6.050079311,2.882335599,0
2.352408719,-8.00524409,0
-2.111374497,-6.018796414,0
4.18842713,-5.237247491,0
0.916576682,-6.911204237,0
4.563247035,-5.876167814,0
2.875719131,-6.732638258,0
0.096392649,-7.50904934,0
-2.458597067,-8.297052332,0
8.820435465,-4.266717432,0
7.850171443,3.358120758,0
4.712663541,-7.873885799,0
1.363177341,-5.328536105,0
6.102746693,5.683934399,0
6.553897017,-3.795806118,0
2.022179249,-6.330411997,0
5.892044512,4.237097669,0
5.921624235,-4.917380068,0
4.075282177,-7.591179307,0
5.795292559,4.264252833,0
7.553720455,-0.89675322,0
0.286541838,-8.758529983,0
7.072019208,-0.858202086,0
7.278227214,-2.925766272,0
-2.607051023,-6.829898723,0
3.708731858,-6.928598384,0
-3.867441539,-8.017958449,0
3.521441788,4.261625785,0
3.961751955,-7.035609093,0
4.015591749,6.772640971,0
5.537040482,-1.378074038,0
-0.528041957,-6.734224852,0
5.154946125,-5.598622438,0
7.264950859,0.261426881,0
7.935856008,-0.171684613,0
6.04260094,6.077978317,0
6.014003959,-2.048183745,0
9.657502035,0.977125424,0
7.030876198,-0.953169879,0
-3.571396969,-6.240630377,0
-2.298088365,-7.410868782,0
5.72597789,6.24140605,0
4.941656631,7.784795353,0
6.387056473,5.069649718,0
2.675964586,-8.186311967,0
6.877360199,1.597800267,0
4.047478237,-7.24294521,0
0.889818477,-8.126751129,0
2.783602724,-7.753295076,0
3.641296014,-6.073118737,0
3.763572486,-6.396458249,0
3.940658258,-8.12177903,0
1.337587631,-5.485261594,0
5.719328719,-2.835848907,0
8.242294935,-0.386956931,0
6.136348172,-2.572739904,0
5.81244857,-5.638476926,0
7.174180296,-0.77680879,0
4.83988224,-4.048937357,0
6.114288444,3.870248088,0
3.890534722,-7.353717689,0
-4.271130171,-7.403813996,0
6.319119423,-2.173682393,0
3.264942885,-8.100344508,0
-3.494217647,-7.162171248,0
4.113189921,-4.707677381,0
-3.358617253,-7.579370041,0
5.520403749,-4.756595877,0
7.06578553,-2.710365451,0
6.268637411,-5.848250233,0
-0.224376464,-6.564868663,0
7.420073566,0.992690623,0
7.78446928,4.950494786,0
7.666894207,-2.973969574,0
4.900463773,-6.003048972,0
0.936440113,-8.506699163,0
-1.774866908,-7.17955174,0
0.116437266,-6.85801605,0
0.873419232,-9.02986488,0
-0.474691967,-7.701736052,0
4.020380793,5.190618294,0
-0.668943568,-7.287125356,0
3.873805252,-6.505267807,0
8.177832142,2.685207183,0
2.433589355,-4.791060227,0
5.073068159,-3.855369738,0
5.780038211,-4.810130952,0
2.386967951,-6.660429502,0
6.257007805,-0.962623921,0
5.458046541,-1.840503589,0
6.931457008,-0.663377051,0
6.79834577,1.034074947,0
8.794203028,0.376376926,0
7.669158285,-3.291079096,0
3.987723563,6.158009277,0
7.248410869,2.653560636,0
7.000300107,2.033287912,0
8.327093477,-1.751512771,0
7.339440921,-5.43300346,0
4.746498318,-6.674084528,0
0.591775347,-7.696796238,0
6.98447063,-3.104065822,0
8.121345016,-0.4155856,0
5.976849375,6.785947319,0
8.953932271,0.990229965,0
1.739768008,-9.0958229,0
7.880161517,-1.241017562,0
7.879912719,-2.224436468,0
8.930418043,-2.165153067,0
-0.106724576,-8.13989952,0
6.349519602,2.659060939,0
6.771034837,2.930746653,0
5.976545595,-2.527012635,0
4.865037755,-6.736251845,0
5.600289867,2.71428751,0
6.7885015,2.914200545,0
5.734199323,-5.030442596,0
5.130613759,-6.856637585,0
-2.022550348,-6.53535231,0
8.755626629,-1.072829923,0
-0.37984456,-7.945457926,0
7.802050968,-1.148783285,0
6.168968417,5.055682312,0
-3.944195497,-7.622328129,0
-0.380360865,-8.596942727,0
4.725286561,-7.382641862,0
5.993178967,1.65640894,0
7.833663601,-2.882739203,0
4.95714962,-6.641781845,0
5.95555464,-4.422422998,0
5.387212789,6.627213115,0
5.60583711,-5.81114379,0
4.639336358,-5.072780046,0
-2.990346873,-6.209553884,0
4.214801371,-7.552352362,0
-0.475273099,-7.80159176,0
6.87294858,-1.419647005,0
6.484681434,5.673528913,0
4.922305948,-5.785286693,0
-0.985889002,-6.412347974,0
-3.125351477,-9.050581246,0
7.587290609,1.045193205,0
5.841919511,-4.890789549,0
4.648324223,-4.940343736,0
1.286707927,-8.312570014,0
6.515167328,-0.603170844,0
6.767310094,-3.310211392,0
7.972849514,1.36931844,0
6.754264753,1.129415479,0
2.759476524,-6.688720916,0
6.881693445,0.698787667,0
8.109004919,0.792119354,0
5.780488381,-3.712193111,0
5.181067739,-5.945958541,0
6.629576591,3.832969569,0
5.14984279,4.790868475,0
7.852526421,0.359383118,0
7.703963633,2.597193794,0
4.896558269,5.337411352,0
6.821427119,-2.315316917,0
5.569842768,-4.505875912,0
0.617599681,-7.851984283,0
5.926942611,0.147626603,0
6.008442216,-0.685189556,0
-1.230053759,-8.717936607,0
1.193068373,-7.691721929,0
4.829890449,5.891223207,0
0.759447555,-5.394829921,0
-2.302290682,-9.354277821,0
7.017332896,-1.539149532,0
6.712513433,-0.82943958,0
5.011635971,5.094694287,0
0.039149075,-6.671013966,0
6.013787609,5.956552788,0
7.653254,2.031836098,0
8.053178671,1.440166677,0
5.367063528,-3.217496123,0
0.156359569,-7.420202316,0
3.829216814,-5.50347745,0
2.582092054,-5.742799392,0
6.281641064,2.910680801,0
4.205322708,-5.937017242,0
7.285310683,-0.524803966,0
8.110082626,0.275116266,0
8.518369327,-2.539758118,0
5.298862395,5.295994232,0
7.750306446,0.480065492,0
1.713941475,-7.52892401,0
6.809491074,1.538410245,0
4.840034498,1.190129058,0
0.071717878,-6.862143142,0
7.627249955,-5.338502263,0
3.849675254,6.324693515,0
7.404891971,-0.363024716,0
5.271072373,-0.479129357,0
-0.7197637,-6.857834117,0
4.351632477,6.544226418,0
5.081165115,-3.83289807,0
-3.78040258,-7.219123196,0
7.491909315,2.914186068,0
5.87928451,-4.800382074,0
6.114897955,-4.002714038,0
4.420017626,5.145252469,0
8.37680096,-2.540439721,0
5.23500104,3.258063584,0
6.23125046,3.825234407,0
4.391628846,-6.476903526,0
4.451678693,-6.307505419,0
7.757361572,-1.943836421,0
6.106430632,-6.248306121,0
3.826635226,-7.068665867,0
-1.887854712,-6.79979944,0
6.662637576,4.287748859,0
3.313706784,4.02477355,0
5.79211768,-3.522183785,0
0.399330507,-7.783417078,0
9.275713095,2.914311868,0
-2.675933171,-7.124254016,0
6.539255623,-4.006770499,0
4.237666203,6.864312459,0
2.032566214,-6.660299384,0
5.462373421,1.132821373,0
4.507041156,5.337184616,0
6.651213615,-5.327574558,0
5.80160499,2.042447598,0
2.65683981,-4.897840359,0
5.1264421,4.707990224,0
-0.487872562,-8.308990065,0
9.900101385,-2.079197962,0
7.292732875,3.231319123,0
6.94797999,-3.080597302,0
8.354450313,-0.713173019,0
6.673968207,-4.12034554,0
4.876947906,6.850043838,0
1.362686397,-8.977986898,0
4.069796817,-7.171760678,0
6.412921701,6.052272743,0
7.177373631,2.471053651,0
6.413460312,-1.688641003,0
6.606523088,2.463565229,0
6.893758381,4.094470683,0
-0.047024911,-6.885258855,0
7.925942752,1.742116032,0
-0.313366387,-8.384966174,0
-2.326393808,-6.840761095,0
2.425196173,-7.652417414,0
2.908932397,-9.030656353,0
4.132525744,5.529675303,0
6.825339036,-6.348002069,0
6.033838371,5.932820082,0
-0.209110707,-7.340819052,0
7.226894945,-0.400913505,0
7.155391197,-2.380329042,0
4.085365696,-7.329134322,0
-0.826427792,-7.919501165,0
2.058675786,-6.298029866,0
-1.611668774,-6.983127913,0
6.333082461,-0.140767554,0
4.406281574,-5.580794152,0
7.93953699,-1.092277909,0
1.890545681,-6.764105929,0
7.259485966,-3.141395887,0
4.067251016,-7.196523379,0
-1.921314621,-7.810027181,0
6.827044785,-1.99798549,0
-3.445695065,-7.073085944,0
7.402627396,2.673244321,0
0.650174536,-7.816391125,0
2.816148948,-7.365473904,0
4.519134294,-4.619260796,0
2.152752851,-7.627920411,0
3.231893247,-8.894671581,0
5.238083229,-3.194965496,0
7.909305415,4.319798231,0
-1.93625486,-7.099842633,0
7.07245286,5.085055838,0
4.806595141,3.435632839,0
1.664082655,-7.888293641,0
0.441037642,-8.528909692,0
-0.79509889,-7.171925136,0
6.132189843,-1.472539049,0
8.076588738,3.659884757,0
4.280271783,5.817752703,0
0.918814862,-8.26277018,0
2.259459263,-7.008348303,0
6.015211049,4.416074435,0
1.287614052,-8.37699998,0
8.827105071,3.055071257,0
6.188392388,0.578890881,0
8.199050451,0.807897993,0
-1.977669395,-6.558805937,0
4.920531953,-2.799399092,0
4.810138702,2.840872456,0
5.922548011,-4.155576096,0
4.617470652,-4.555263712,0
6.893625223,2.375924499,0
3.850538052,-7.623709581,0
-1.222776459,-7.008043665,0
1.968975365,-4.969722479,0
6.491408826,2.688150044,0
6.647535712,-4.654893647,0
7.934692053,-4.116377724,0
-1.049206071,-8.040774307,0
-0.937727624,-5.369901397,0
6.820448418,1.087159619,0
2.817230113,-6.166647699,0
7.477879611,1.62954713,0
3.528328849,-5.475682597,0
0.767649047,-6.736272379,0
7.744927391,1.667110323,0
6.724868074,-0.225328371,0
-0.621737185,-8.304844017,0
4.809229737,-6.725933117,0
7.745429344,-2.37772568,0
8.408154076,0.323957962,0
6.494656141,-1.64937896,0
7.30776806,1.067661743,0
2.953798679,-8.213379813,0
5.673746546,-6.131003175,0
6.024471472,-5.850114916,0
-0.551913524,-7.315731219,0
-1.182369728,-5.551706797,0
6.765214757,-4.330269228,0
6.005911808,3.13641601,0
7.046302544,2.86448891,0
5.131398197,-7.445203228,0
5.195681602,6.004409318,0
6.404215162,-0.726506904,0
5.185461626,-5.085640027,0
6.711945378,2.704562941,0
-3.296202395,-7.249005526,0
7.843120162,-1.796173844,0
4.864724885,-5.95768642,0
2.437319769,-6.58952101,0
-0.837619289,-8.318192395,0
-0.573858694,-7.989992884,0
8.615951864,0.309024658,0
6.537744659,-4.388421296,0
1.839635375,-6.754289319,0
2.950635859,-5.842092341,0
5.089629211,-4.216261542,0
7.390632673,1.551665302,0
5.734785423,-2.780491964,0
1.569706146,-6.917521066,0
5.728294381,5.281669971,0
5.46662586,-5.855314673,0
6.615796315,0.598215989,0
6.504721166,0.711739928,0
6.369909859,-4.435555579,0
2.393696456,-8.886109399,0
6.79852098,-3.856568305,0
9.435453522,-3.127481448,0
3.52280051,-4.009574244,0
3.626505979,-6.692084846,0
8.724647801,-0.611397607,0
-2.103861882,-6.022205968,0
5.748832517,7.564983104,0
1.801470787,-6.751527362,0
2.991257651,-6.886778154,0
7.169737845,0.310475125,0
-1.792013989,-5.93460083,0
5.800520004,4.676011093,0
3.03589201,-7.699100466,0
-2.647684045,-8.94359243,0
4.478885125,6.595449558,0
6.151181212,0.856673166,0
3.114159151,-5.675782924,0
3.73313206,4.467643525,0
-1.19107964,-6.645269175,0
2.194415349,-5.33529098,0
8.15146656,0.757108585,0
5.115370868,-5.347514455,0
8.428981186,1.222081361,0
1.221334427,-8.474878158,0
8.221667757,1.343900699,0
4.064459723,5.70973604,0
3.958668493,-6.226837833,0
6.028275399,-6.157596757,0
6.622501817,-3.394883581,0
6.964853954,-1.94311484,0
4.126336077,6.144576391,0
6.48134312,2.654353878,0
7.574747043,1.320599969,0
7.278103978,-1.287299169,0
6.982276097,2.336824066,0
4.896284261,-6.184775349,0
8.641050677,2.606505042,0
7.272025793,3.741502331,0
5.568111442,1.644854778,0
1.238069915,-7.194239487,0
6.107294566,-2.626449227,0
-2.301866255,-8.912862507,0
6.326213407,-1.819641817,0
7.275899928,0.080436962,0
0.545538217,-6.823390585,0
0.546665964,-6.288980178,0
4.063489854,6.29538065,0
-0.831475192,-6.605612612,0
6.992688174,-5.57146522,0
4.551219146,6.768398836,0
4.198154197,-6.602593876,0
7.071558932,-1.053456368,0
2.524668231,-8.397177868,0
1.132931494,-6.591543637,0
5.5935164,1.45836109,0
7.161367052,0.69628049,0
7.423803023,-2.512201971,0
6.877175153,3.285622033,0
-1.377893204,-7.864139623,0
5.653896416,3.844154294,0
5.975696382,2.016477486,0
2.041763952,-3.959645202,0
6.818250283,-4.780892047,0
6.792774272,2.596184405,0
4.452672529,6.672468606,0
6.234783607,-2.929916654,0
8.125788519,-2.192636467,0
6.325292153,1.438695665,0
-2.250227078,-5.610765012,0
1.710747296,-5.429350501,0
-2.330873318,-4.753381785,0
4.16899254,-5.477611278,0
3.828645788,-6.100232451,0
6.763122115,-4.920265605,0
-2.75314343,-6.954441101,0
2.314097042,-5.948032626,0
-1.356807134,-8.763425814,0
5.411039651,6.337645002,0
0.010015843,-7.677435942,0
4.128521689,4.926074714,0
6.019866941,3.117340596,0
2.608696656,-5.686547536,0
3.843595717,-5.73976151,0
-2.970930051,-7.107997505,0
7.424927926,3.722952142,0
5.075414538,-7.545657574,0
7.010748884,2.683132545,0
-1.008929149,-5.660716648,0
4.057462466,-6.09609691,0
0.950446414,-7.952063474,0
4.419500019,-4.877188377,0
-3.065103014,-6.911195587,0
6.393698583,0.092680831,0
-2.908697271,-8.433858492,0
7.603221938,-0.667097848,0
-0.421357767,-7.24802997,0
-3.967429432,-7.423633561,0
6.714651745,-1.606117396,0
1.911615975,-7.868916472,0
0.706295879,-6.450611946,0
-1.289289612,-7.643470074,0
8.766093222,2.504093433,0
5.396511763,4.597364099,0
7.678247438,4.953473623,0
6.321806691,2.930342382,0
7.335736627,-1.742343067,0
7.156260351,-2.309595657,0
-0.244431647,-7.441753516,0
0.725954949,-5.963560678,0
-0.499683173,-6.434058208,0
7.917819536,6.70648214,0
7.535270507,3.513013017,0
-2.016682892,-7.783777197,0
-0.825824406,-8.148569586,0
-0.586407813,-6.838004651,0
-1.029439063,-7.647943945,0
1.983486352,-9.112422456,0
9.087708613,1.440348897,0
-1.812620993,-9.001508652,0
-0.605673353,-7.888100505,0
5.069912184,6.196980344,0
9.259669435,0.320251224,0
4.109853233,6.219607694,0
-1.568805664,-7.992580839,0
7.326832262,-1.544195358,0
-1.249380501,-5.670900426,0
4.21494446,-5.351874144,0
5.754820353,-6.152004111,0
2.181759241,-7.35768993,0
0.84780141,-8.175833539,0
-3.235388786,-6.465860619,0
4.392232777,-6.734787831,0
5.246426497,-7.477947767,0
2.112941431,-6.225554362,0
1.494009717,-4.245888303,0
-0.050055639,-7.842648992,0
3.919737355,-7.304000784,0
5.490631809,-3.630690859,0
1.038711204,-6.464320759,0
5.316801097,4.688903148,0
-2.661437826,-6.190154961,0
5.504321479,0.208291465,0
6.518654657,0.217888,0
2.13768405,-8.148664349,0
5.15385403,5.392108142,0
8.638312883,-1.251986818,0
5.257029463,-4.958842959,0
7.230846731,-2.443885803,0
7.188575159,-3.721283884,0
6.524647182,0.514645357,0
1.383226153,-7.56157738,0
5.801606518,4.170098705,0
6.339247881,2.564370708,0
6.141270681,-2.533485231,0
-1.762840351,-8.228380214,0
-2.215833723,-5.977382051,0
5.606517441,3.603371409,0
5.815127495,2.071987552,0
-1.406695834,-7.385912335,0
7.169574397,-6.871438043,0
7.455584682,-4.138853719,0
8.241620953,-0.043038782,0
-0.472164876,-8.068328232,0
5.603052552,-3.315549901,0
7.787516596,0.517459419,0
-2.647850116,-7.7848081,0
7.030189098,-1.40117988,0
-0.082859378,-8.130518757,0
5.582544874,-4.407465224,0
2.275997117,-6.321103573,0
5.925688797,-3.321876825,0
0.907136667,-8.576871498,0
6.467501054,5.125594766,0
6.31037402,-4.638205557,0
7.666566632,-0.992135808,0
-2.280106647,-5.991150584,0
5.060894543,4.897986322,0
1.663346366,-6.590289566,0
7.085498349,2.550505848,0
3.346484505,-4.540264755,0
4.601058969,-7.331627996,0
3.275212942,-7.048451594,0
6.415194924,-0.135387995,0
3.547907085,-4.626078771,0
5.755912388,5.562735184,0
6.826130577,4.215131925,0
-1.290809233,-7.141585248,0
6.788687778,5.314179281,0
8.122538047,-0.143322646,0
7.154474829,-0.730434881,0
2.794264398,-8.889739522,0
-1.809861062,-7.030200498,0
7.636350435,1.484108446,0
-3.704665654,-7.091233005,0
7.069341219,1.630404314,0
4.845347284,-3.973974022,0
6.82801277,1.519804345,0
7.526533514,2.779907266,0
2.461140947,-6.377129866,0
8.251563283,-3.216125262,0
7.359060968,-2.50295391,0
6.158913179,4.291598557,0
7.745300176,2.54041792,0
-3.158813512,-6.565847203,0
-1.8445803,-7.236393143,0
8.146819895,2.704683524,0
5.455588578,-3.648296476,0
5.467900041,4.475750666,0
-0.904103584,-7.689374592,0
0.617327556,-6.652497482,0
6.228938883,2.018948514,0
6.471637486,-2.006211388,0
-0.859286546,-8.016052655,0
4.279020663,5.871275278,0
0.600745167,-7.840112444,0
5.303561801,-5.727434025,0
2.494427751,-6.236780772,0
6.614134102,2.662402917,0
2.740929295,-6.702017794,0
6.644186408,-5.627808392,0
8.42200886,1.416795872,0
4.251002646,-3.085662902,0
0.026539232,-7.495760139,0
4.579596861,5.966505617,0
3.976640723,-5.245465261,0
8.429871848,-1.641063082,0
1.108586383,-8.547205918,0
6.993439479,3.14916024,0
5.272895038,2.899962828,0
3.873251832,-3.542206914,0
6.864190635,-7.075692788,0
3.862554861,-8.97965524,0
-1.647588715,-6.253347719,0
6.812897518,-3.728203821,0
6.551619833,3.974648878,0
0.841652172,-7.605851341,0
1.591210504,-8.72536387,0
8.688794377,-0.140687659,0
7.598808363,2.782505395,0
5.661976681,-5.155689072,0
3.945630733,-5.445974502,0
-1.632456861,-3.369367215,0
6.991009274,-5.343899443,0
7.144656825,0.859653924,0
7.471023455,1.771396334,0
5.233971774,-6.025553299,0
5.202891875,-8.274868545,0
-2.102702347,-6.336484064,0
-3.893497362,-7.08343546,0
3.880971143,5.899639717,0
0.770083942,-6.551660701,0
-4.130269036,-7.57024629,0
-4.651547695,-8.307788665,0
5.617744925,-6.863540911,0
5.787956291,4.928220736,0
1.573708736,-7.814822907,0
6.683578286,-2.13228938,0
-0.334051578,-8.603194779,0
2.785717247,-8.210408876,0
8.187988418,-0.055205655,0
7.127827896,4.654073317,0
1.126862889,-6.965409036,0
1.033865968,-8.282322587,0
0.377181503,-7.264612352,0
6.563458726,2.565810099,0
-2.674974299,-8.226825284,0
-0.198018836,-7.459648176,0
-0.031954528,-7.598065762,0
4.559389213,6.198407802,0
-1.220633915,-7.456498074,0
5.603906571,0.291771663,0
-0.597457046,-6.872971867,0
-1.461892386,-7.35006507,0
-1.126299299,-6.999827546,0
3.719529259,-4.491444361,0
6.408058617,-4.605611214,0
8.495642837,-3.41322761,0
9.252605356,-0.248985106,0
4.617560646,7.880636353,0
-2.531913707,-5.861128506,0
1.082084013,-6.233182068,0
5.849835786,4.115844419,0
7.861460014,1.693478536,0
4.137991296,4.218930706,0
9.27576014,0.661019802,0
-2.653321646,-6.115932245,0
-3.1187016,-8.206389374,0
-3.985380879,-7.110133449,0
5.501276047,4.305073036,0
-2.74664952,-6.404667479,0
3.357465482,-7.80767358,0
9.451192094,1.895608176,0
7.24355816,-5.358662051,0
6.518641756,3.034825249,0
5.193141039,5.572135035,0
6.947854791,-4.160953085,0
-0.14045583,-9.014326476,0
4.595034972,-5.191508639,0
6.779300359,1.37680527,0
0.040007634,-8.925279967,0
1.574460799,-7.810932168,0
7.00064762,5.483896018,0
5.821249147,4.425813999,0
3.220655539,5.232766073,0
7.243158235,-1.869405235,0
6.954819531,2.679315058,0
1.676754789,-6.442736969,0
6.229632564,1.883626425,0
6.104071626,-4.124247246,0
-0.756068159,-7.284399467,0
7.785778911,1.58244475,0
2.867997255,-7.619005607,0
0.487499622,-8.91892829,0
6.388087161,0.544854352,0
-0.609730378,-5.612848358,0
1.270421725,-5.667895845,0
-3.756653351,-6.864966048,0
6.604120136,3.110077458,0
7.665850014,3.892776316,0
4.176462889,-5.374504795,0
3.533075955,-3.036696587,0
7.429112894,2.626402648,0
6.437266683,-5.905114925,0
-2.802916397,-5.600219762,0
2.478222497,-6.71061164,0
5.637495745,-3.306542542,0
4.834910662,-4.36885847,0
6.927194993,-3.138311368,0
6.037646765,-1.061682919,0
1.942878627,-7.945650408,0
2.879893037,-6.936603068,0
-0.263381402,-8.009458014,0
5.543334435,3.255951802,0
6.457347463,-1.145278002,0
1.256480082,-8.73449496,0
0.551015911,-6.120656884,0
3.588944411,3.192353278,0
6.726043101,-3.904058475,0
-0.755324063,-7.015695137,0
5.999187994,-5.372036687,0
7.633395604,4.774531845,0
-1.747163327,-6.745672634,0
-2.257535771,-7.136790228,0
1.78179043,-8.309651378,0
1.092461236,-6.761733819,0
7.666499932,3.231547876,0
7.403814268,1.247321122,0
6.680500823,0.352376935,0
-2.618798492,-7.762353605,0
6.511464167,-0.427155553,0
-0.50816454,-6.097766365,0
-1.720955182,-8.40214527,0
6.283724536,5.742859459,0
6.232238852,-6.223135429,0
2.271102544,-6.4986772,0
7.106340801,-0.090836098,0
-2.678242062,-6.589963348,0
6.026965584,-6.948148847,0
4.821073177,-7.076731039,0
7.516779304,-3.390014332,0
6.282289858,-4.262153009,0
6.242365867,4.317292529,0
6.666138331,1.525039359,0
7.530551961,-3.384720516,0
4.929985982,6.151283187,0
6.756532832,3.326654894,0
3.177805748,5.408461338,0
6.051125503,-5.239694951,0
5.527533034,-5.944685551,0
6.541145113,-7.512164829,0
3.245889106,-6.733704527,0
4.484111075,-3.875786149,0
7.014702073,5.116186962,0
8.00325173,-0.462535914,0
6.382618162,4.830476938,0
5.073502024,-5.215562548,0
7.203263619,-1.182878285,0
4.684694638,2.017950686,0
6.872902206,3.879095501,0
3.983351999,-5.387587673,0
5.621455311,7.777754332,0
-2.442530437,-6.994142221,0
7.312333008,-1.576595014,0
2.863383397,-5.966166429,0
5.107179382,-5.080547496,0
1.523286059,-7.412734078,0
3.798340913,5.105853794,0
2.638231832,-6.362950962,0
9.418155215,-1.312007184,0
-2.43438313,-8.252593497,0
2.98321096,-6.948025569,0
-1.16192355,-6.615027651,0
8.813028467,-3.738937846,0
5.520753658,-0.121057772,0
7.529803921,-1.021074979,0
6.263046139,2.604992635,0
7.051337096,-2.354115207,0
2.32728041,-6.164023837,0
6.23868813,-0.553876994,0
6.00697681,1.81764918,0
6.303282471,3.289281602,0
6.697578648,4.020719396,0
7.083582599,3.694367333,0
7.139793022,-1.79007963,0
-1.375794064,-7.222570068,0
3.038525605,-8.205004863,0
6.542972964,2.247828906,0
6.847043121,5.173887373,0
7.240628212,-1.850634916,0
5.59098759,2.02365163,0
5.079923753,5.164136975,0
5.213463111,5.040481674,0
8.28174044,1.216207152,0
0.498604725,-6.972752029,0
2.376040999,-5.466678219,0
6.817755714,3.512520203,0
3.892136707,6.346688915,0
6.97873512,3.542841293,0
6.197934491,-3.771467997,0
7.098800555,0.797749949,0
6.63566689,-0.243255837,0
5.415513951,-3.06464058,0
2.295765598,-5.488085681,0
4.775311541,3.129070366,0
4.671986156,1.185600042,0
-1.936650513,-8.759524007,0
5.626735709,3.575746106,0
3.164514982,-6.745985179,0
6.076085421,-1.669578592,0
5.001600575,-6.897219205,0
-2.388478455,-7.067027757,0
4.629995378,-5.228878179,0
7.127773358,-0.916453345,0
1.965502295,-6.500061044,0
6.865290116,-4.785713134,0
6.650652815,3.930740741,0
7.572708614,0.415031039,0
3.786076007,0.265954525,0
7.82246896,-1.24349121,0
2.501964218,-6.519207788,0
3.1936265,-7.265332429,0
9.110455822,4.238038811,0
6.900121495,6.237949951,0
6.671864013,-2.886384637,0
8.549557084,-3.53221721,0
4.264723986,6.111424796,0
4.213133134,-6.62054271,0
2.551911497,-7.499585195,0
7.483521402,1.443598626,0
9.059407661,2.276524608,0
2.888813728,-8.720362979,0
7.042400922,2.945333544,0
3.233022813,-6.152670534,0
7.634302064,-1.736976084,0
7.66992815,3.936942214,0
7.373228408,1.863534762,0
8.161551602,-1.21281331,0
7.740056148,1.881226597,0
4.966558825,5.62928938,0
7.065273199,2.380309592,0
-1.087186029,-6.198773538,0
5.42884607,-6.247747596,0
5.865300033,-5.127525947,0
5.09201113,-3.715113438,0
4.046843299,-5.538254508,0
7.046774614,1.860354955,0
-0.520627227,-7.192443894,0
6.556068728,3.71730273,0
8.43059854,1.885221023,0
1.656750755,-6.565981306,0
8.282783539,-1.023901299,0
7.568628721,-2.701659806,0
3.286996236,-5.151631954,0
0.142255817,-6.759723506,0
0.55431145,-7.821154275,0
6.154996621,4.08178933,0
5.59042113,5.109475551,0
8.069812118,-0.67014892,0
5.394720955,-3.013704224,0
5.709836338,5.734767966,0
4.577853812,6.711028631,0
4.30492038,-5.956839697,0
7.456737332,-0.178266974,0
6.548140277,1.96035537,0
6.120089352,0.317087436,0
4.850774786,-5.930922975,0
6.964428183,-0.43978975,0
4.644389439,5.526186043,0
7.461125099,3.524384241,0
8.990141103,1.39315027,0
-0.685615263,-9.28558602,0
1.982269002,-8.637042486,0
6.13114129,0.698168788,0
5.974748559,6.191285758,0
7.31753901,-4.177017885,0
2.79279986,-7.243061618,0
0.906590393,-7.852477989,0
3.011939139,-8.212877653,0
8.263255661,4.616733527,0
0.220780881,-8.122548302,0
5.095570812,4.527818356,0
-2.380311598,-7.175067196,0
6.10277936,-2.032818247,0
5.67768851,-2.708972283,0
8.266216247,-1.352471461,0
5.135381933,5.604744113,0
6.446104941,-0.717465358,0
5.414294728,-3.90788451,0
5.966178793,-3.852592923,0
5.456033447,-2.528204632,0
4.833458641,-6.890229258,0
7.17807695,1.538448252,0
3.927168806,-5.930426079,0
6.070759318,-3.166761758,0
6.709461032,2.640009124,0
-0.260330744,-8.335547306,0
6.065109001,1.3823728,0
7.58361617,3.978298585,0
6.917707055,-4.758338308,0
7.77912338,1.205841447,0
5.014580061,6.160237155,0
6.798149312,1.758394376,0
6.680389321,-0.795398278,0
5.921424663,2.690135539,0
-1.377985299,-7.93119368,0
3.323116151,-8.316960667,0
2.930397449,-7.411481623,0
6.50750996,-3.559899883,0
5.519872006,-5.650907249,0
3.177829093,4.719145794,0
-4.477760501,-8.664766666,0
6.054267605,-6.83995686,0
7.050584111,2.821765313,0
-2.775353922,-6.267950707,0
-1.389983234,-8.406149023,0
4.341403639,-3.482977181,0
3.009456627,-5.484909334,0
5.619105399,4.158959994,0
6.768976558,-0.591734415,0
1.971155831,-5.447312584,0
0.173467001,-9.473910393,0
7.955145318,-2.426770619,0
0.488527767,-8.672581096,0
-2.057218703,-7.528800684,0
8.102656779,3.117934231,0
4.569869534,6.533398507,0
3.436433943,-6.650910962,0
7.568078089,1.094290064,0
1.043886901,-6.824662577,0
6.643832402,3.846139496,0
3.013006344,-8.609494834,0
3.55146793,-6.511081454,0
-2.312773772,-6.00953162,0
-2.952765603,-6.313870552,0
7.509495916,-0.486405919,0
-3.291541451,-6.961385706,0
3.884478966,-4.966661748,0
5.965409206,-2.145101985,0
5.606744973,-4.77431061,0
7.121796484,1.840186834,0
3.027258266,-7.188832057,0
3.326529361,-4.622552173,0
5.588547011,-2.807999529,0
3.035918214,-7.770948773,0
6.506612454,5.544297319,0
4.814494481,4.557091868,0
5.609995438,-4.360556266,0
7.736208011,3.736495008,0
5.810229792,-3.766880436,0
5.825036067,-3.547479365,0
-3.396844876,-6.353542545,0
7.53323447,3.613994665,0
7.376526671,0.930050665,0
6.300200991,4.895099675,0
-4.06898059,-7.709496514,0
4.483039231,-6.335853875,0
5.718242983,6.839815466,0
5.331509435,5.743007184,0
7.490875107,-3.100804819,0
5.662884738,4.662892038,0
2.229337558,-6.919222888,0
-1.077004226,-7.841053584,0
7.531320243,-3.432654389,0
7.64800591,2.646322095,0
-2.648000589,-5.123007742,0
7.524465173,2.692785348,0
6.026311525,3.269820404,0
8.580259701,0.428243422,0
6.929343225,4.089451638,0
5.151185885,3.424189378,0
3.418521622,-3.244642177,0
6.320081964,-1.63924327,0
4.636160358,-5.145860033,0
4.42120187,-6.823283033,0
5.054678433,-4.44176989,0
3.390655544,5.579485595,0
3.936940797,-7.295351487,0
8.551507089,3.516290651,0
8.687324255,-0.417049936,0
-2.33888767,-9.019744416,0
6.291344579,3.993292839,0
-2.602637068,-7.023109983,0
6.457333937,0.868050777,0
5.129050512,-4.155419841,0
4.576930078,-7.668979432,0
-0.294058323,-7.29916627,0
1.31985723,-8.985881561,0
3.378539339,-7.365900047,0
6.492002346,-1.663097318,0
7.106613583,4.612597156,0
4.38142351,5.004818973,0
5.915287265,-4.674322013,0
4.619588744,3.047668167,0
2.561480283,-8.262361682,0
7.14753706,-1.066410073,0
-1.939928068,-6.691045968,0
4.265789016,-3.438125142,0
5.235686662,5.851611394,0
4.536514303,4.85859812,0
4.890124218,5.237104051,0
2.105252998,-5.926602125,0
7.16960859,-2.423844652,0
8.053608329,1.517141423,0
7.348808338,1.744251054,0
-1.528301255,-6.497721283,0
7.669002928,-2.51305464,0
5.309108461,4.005727491,0
0.889050689,-9.137942821,0
1.280068506,-8.443978894,0
8.253933289,1.506953594,0
5.467400815,-7.404985723,0
4.211528548,5.077065922,0
5.795118966,6.923008489,0
6.653973182,3.317013556,0
4.657110006,-6.318821669,0
1.920729969,-7.629497731,0
7.59745045,-1.606042483,0
-0.503215271,-6.149390537,0
0.721161435,-6.301142392,0
6.739206671,4.205307545,0
7.737270669,-1.32216216,0
-0.380096095,-5.968440251,0
6.276219801,2.484623434,0
3.679916338,-5.632851531,0
2.589933397,-5.825494968,0
9.189489983,2.847837306,0
5.393328172,3.301344178,0
3.538746077,-3.664627054,0
5.199670437,6.058991496,0
7.911898804,-2.831486274,0
5.236372443,-3.248422202,0
5.047469815,-6.711087909,0
6.454710387,-0.017813771,0
4.424044378,-2.958229858,0
6.664124962,1.726997657,0
-3.684174887,-8.031782458,0
7.040182932,-1.496412369,0
-0.228359212,-7.2958643,0
8.012323482,1.904115517,0
-1.280657657,-4.603054668,0
4.412319486,6.507707118,0
1.347556187,-6.689667144,0
7.656032139,2.307059611,0
4.227966964,6.61640598,0
5.77301063,5.369129908,0
-1.849383835,-6.32556309,0
7.032517357,1.531680284,0
0.994490413,-5.222541879,0
4.207321345,-6.029781085,0
8.03102102,1.356196107,0
3.617180168,-5.986643133,0
3.492390446,-6.039071507,0
3.489550348,-5.794261352,0
3.519713666,5.706448304,0
-1.346997415,-7.913166628,0
6.431897731,2.316201804,0
5.978100164,-5.825041651,0
-0.167201826,-7.812045352,0
-1.373779081,-7.737074242,0
4.858423994,5.334310202,0
2.419478864,-7.244910192,0
4.24684479,6.840962237,0
7.772063923,-4.656647248,0
6.916498962,4.229390021,0
3.491878836,-5.756129494,0
4.046737765,4.18186242,0
-1.134067763,-7.813260485,0
6.751648462,-2.832925431,0
1.68195477,-8.03360041,0
7.78896248,3.60789779,0
-3.028268795,-7.228717874,0
2.721611343,-4.361128331,0
-4.343881679,-8.361027924,0
7.420814072,-4.242625627,0
6.840817697,-5.564423147,0
5.129938678,5.726598261,0
-1.852055996,-10.0331389,0
7.439436317,-0.635096352,0
-3.19318961,-6.284928456,0
6.828820163,-2.709618422,0
3.476610143,-7.53049939,0
-3.241574079,-7.327532908,0
-0.219938718,-6.846204803,0
7.328653153,-2.025871638,0
-2.525363459,-5.738872956,0
4.896877114,4.600770741,0
7.191229858,-0.145611486,0
6.758969043,2.576129901,0
6.792078525,-0.005214025,0
6.086663463,4.204803917,0
6.257805506,2.766040962,0
3.655300603,-7.621749261,0
7.430089532,4.466383326,0
-1.225439986,-6.326361146,0
5.633763954,-3.276386576,0
1.213246393,-7.724281655,0
6.160042476,-2.812448872,0
0.060959689,-6.399922681,0
5.355107033,-6.637510656,0
7.078431526,0.943053866,0
6.53467915,-3.210548608,0
6.326952281,4.700315248,0
6.94025626,-2.062931282,0
5.870561635,-3.223754697,0
3.924379333,-5.541949562,0
6.426640316,-3.874976201,0
-0.462123556,-7.945727725,0
3.153210858,-7.599788343,0
8.030614072,-1.287116584,0
5.174138045,-4.285240545,0
6.157959377,1.179220486,0
1.633730402,-6.960143987,0
6.709676131,-0.972041335,0
7.559344613,0.85827459,0
6.341133469,-4.722000634,0
4.599001068,-5.719865587,0
5.353737347,4.27294989,0
4.852381332,4.661583867,0
7.474285378,-4.942202032,0
6.728847254,-2.177750031,0
2.423305497,-6.395602538,0
5.615735216,6.600897926,0
2.533360394,-5.630262543,0
8.669167712,-2.249710685,0
7.988769199,1.840208858,0
8.358912023,-3.513779469,0
-2.511568005,-8.194763285,0
4.944579306,2.468606136,0
8.148329772,-4.121287983,0
5.954646857,4.010651071,0
0.883740698,-8.885011914,0
5.891170761,8.436271959,0
4.402626442,6.461200105,0
6.575178541,2.637317224,0
1.691591736,-6.938952777,0
2.235666172,-6.273528023,0
-1.050217016,-8.673088448,0
8.079087899,-0.630322753,0
5.263105317,-2.42579952,0
6.352873421,-5.653912459,0
2.65874959,-7.695547822,0
6.730806138,3.937743166,0
7.185802098,-2.86038321,0
7.677762308,-3.712039826,0
8.279948556,1.675983571,0
6.125219031,-1.126052817,0
1.505746308,-8.224342293,0
-1.848122596,-7.930663197,0
7.431421454,0.703064367,0
7.78102375,3.067274628,0
5.526027593,-4.375590422,0
7.356864463,4.690809001,0
4.494812028,-4.765859877,0
2.79414767,-7.522048808,0
6.706450008,-2.240118613,0
6.204166496,-5.1035462,0
7.786001922,3.014919257,0
0.895364767,-4.78341012,0
4.98868956,5.743162775,0
6.075961855,-2.810214612,0
5.591634569,-7.887148418,0
-0.471611421,-6.602874289,0
4.781588565,6.38651023,0
2.99240726,5.097779071,0
7.754855747,2.295601795,0
4.564926289,5.905742255,0
7.023148364,-0.914494757,0
5.466015519,3.876500101,0
4.205561744,-5.297041668,0
7.230934213,3.600068019,0
8.376449693,-3.083868051,0
7.091708187,-2.309779531,0
